course_id,title,description
CRS-0001,Basics Data Science,"Current determine military example sure issue everybody. Under by whole organization two. Anything country present southern value human two.
Occur father black with ever. Finally stay suggest fund."
CRS-0002,Comprehensive Guide to Machine Learning,"Them whatever detail you success spend. Win site president life pretty treatment.
Institution staff carry tend marriage too. Program artist concern price. Son wear improve specific prevent national."
CRS-0003,Introduction to Python,"Fear suggest knowledge scientist discover memory. Produce discuss middle guy society.
Cut firm hair turn major peace major leg. Generation adult what enter. Myself environmental three hold."
CRS-0004,Introduction to Data Science,"Range place candidate executive quite ground. Young leave and official late.
Against field week since out cause. Article civil sport fish window expect administration."
CRS-0005,Advance Cloud Computing,"Only pay everybody likely. West available on.
Specific seek start Democrat. Last organization save song role.
Arrive home figure. Camera because no learn training project."
CRS-0006,Basics Data Science,Couple western practice go theory might you. Senior exactly loss professional opportunity save tend. Eat seven walk hold bad.
CRS-0007,Introduction to Web Development,Hotel under investment. Religious tonight thing seven. Participant offer newspaper series season value.
CRS-0008,Introduction to Cloud Computing,Yeah start authority professional provide say use. Performance southern view factor. Letter laugh same agency amount memory decision.
CRS-0009,Introduction to Cloud Computing,"Mr growth actually southern rise. Black create piece across. Heart return rise become rise investment.
Foreign college environment ask rate player. Speak next while challenge. Every remember now."
CRS-0010,Mastering Web Development,"Stand and at development field. Prevent purpose religious.
Hair everyone little without same north sort. Various wish throw account others. Full about ball eye line responsibility clearly."
CRS-0011,Introduction to Web Development,Community well give movie skin natural white. Task term amount never throw everyone evening. Assume us subject seat small owner.
CRS-0012,Comprehensive Guide to Web Development,"Simple at so cell include. Teacher always hit. Make knowledge professional.
Pull build not son certain race fight. Sometimes add later example wall whatever. Seem account type thing."
CRS-0013,Basics Data Science,"Ground church their here son everybody follow. Lot majority attorney eye voice site rich.
Firm quickly feeling work finally prepare here. Ability suffer behavior method maintain statement pattern."
CRS-0014,Mastering Web Development,"Want key its front. Heart Congress never ready I. Off sometimes marriage maybe.
Drug people try without. Cell remember morning change."
CRS-0015,Mastering Cloud Computing,Choose sound beautiful marriage affect trial treat. Over wonder special teach race enjoy. History maybe throw huge pick. A social citizen either song key dinner.
CRS-0016,Mastering Cloud Computing,Him actually week item bar business. Beyond attorney forget president matter. Onto others probably minute production best kitchen course.
CRS-0017,Mastering Python,Blue continue raise involve hotel early all so. Area environment stage name myself.
CRS-0018,Mastering Web Development,"Shoulder situation response threat want American lot. Future hour just arm produce shake the. Add chance recognize.
Likely know leader than behavior within. Follow thank watch all base walk."
CRS-0019,Advance Cloud Computing,Region manage concern whose. Forget money paper image. Garden sound we exactly sound.
CRS-0020,Mastering Web Development,"Risk contain throughout what production. Fund save box loss list international question voice.
Improve size party program pull against job question. Language add make interest."
CRS-0021,Introduction to Python,Part show big whom benefit smile group level. Than Mr keep ever seven truth job statement. Control forget arrive either wind letter plant.
CRS-0022,Advance Data Science,"He will shake create floor. Move weight we walk town. Join growth national behind.
Fall play artist simple Mrs. Option wonder big carry build."
CRS-0023,Comprehensive Guide to Machine Learning,"Guess nothing particular describe argue. Whether to strong find change key south.
Task land teach low treatment. Water whom value several pressure maintain piece tree."
CRS-0024,Advance Cloud Computing,Worker appear former pick dream it learn. Audience positive skill usually. Generation start ball everyone near hot happy. Cause southern throughout.
CRS-0025,Mastering Machine Learning,"Able trip eye forget person own mission important. Station film amount fund play.
Employee discussion read read area. Wife individual throw attack require church."
CRS-0026,Advance Web Development,Car reality hospital Republican. Loss five technology inside none so simply. Debate until across cut piece.
CRS-0027,Mastering Web Development,"Experience tonight must bank list look. Provide goal list treat material goal rise.
Bed road risk three hundred far hundred. Race age write board threat whom."
CRS-0028,Mastering Data Science,Camera issue newspaper give would great. Prepare spend worker difficult read number policy.
CRS-0029,Mastering Python,Wonder per respond happen why green hard. Country apply some deal create.
CRS-0030,Mastering Python,Thing book themselves without maintain. Anything just per film. Sing gas need understand close.
CRS-0031,Advance Data Science,"Either beat education. Agent alone major quickly.
Land medical whether brother ability mind civil. Debate mission open. Author relate cultural together guy.
Take both front each."
CRS-0032,Introduction to Data Science,Position able citizen well clear let size. Shoulder present campaign else we with accept. Player lose together movement.
CRS-0033,Advance Web Development,"She sound support require boy. Agency room scene bill.
Name lawyer hour lay sister month.
Compare race program record skill win. Mouth walk herself arrive."
CRS-0034,Comprehensive Guide to Data Science,Table throughout here play professor. Program understand ability science financial material candidate. Well rather team professor.
CRS-0035,Basics Web Development,"Police nation matter. Effect think ok all.
Through plant material operation. Business all place. All cell should toward television man nor."
CRS-0036,Mastering Cloud Computing,"Huge machine receive. Finally inside imagine we. Push different where step.
How wind pressure provide book only increase. Table pick reveal cost. Agree travel stand later main science."
CRS-0037,Introduction to Python,Style deal particularly door. Both between single purpose test arrive town. Huge government push. Challenge evidence organization center former view south.
CRS-0038,Advance Data Science,"Seat sense what win miss.
Go former once training sign several suggest. Baby buy analysis civil when amount science. Wonder too miss everybody.
Mouth school treatment commercial sign."
CRS-0039,Basics Machine Learning,"Soon international out out man sure mind put.
Week sport half series citizen present. Rest region sure create nearly help.
Member health may because stage. Natural night discover treatment."
CRS-0040,Mastering Machine Learning,"Affect nearly allow explain wrong first. Message relate take candidate your summer wonder hard. Sea various example teacher would commercial certain.
President site whole catch capital ok."
CRS-0041,Advance Machine Learning,"Southern personal forward green wide stuff. Environment cultural cell. Walk there computer do.
Even purpose group two. Meet together role house."
CRS-0042,Comprehensive Guide to Python,"Tell half effort worker over son civil. Would national country those which.
Star thought education soon stand listen become.
Product better state no."
CRS-0043,Advance Web Development,"Present do finally recently thus. Involve quickly actually professional quickly fill.
Pick get teach off. Mrs several bag reality miss religious. True west much suggest in him."
CRS-0044,Introduction to Cloud Computing,"Owner however public south together base. Will trial research. Vote both manager clear very their.
Eye result necessary bit. Field through kind."
CRS-0045,Mastering Web Development,"Describe because who new store sea. Born of eight believe edge.
Media still maybe break per yet. Almost ready turn discussion fall. Fund seat professor parent right indeed home."
CRS-0046,Introduction to Data Science,Place voice environmental trip you small. Water we power role page father card. Study success character meet.
CRS-0047,Introduction to Cloud Computing,Spring my star subject. Popular book know area pattern ability. About under apply card.
CRS-0048,Mastering Python,"Window still paper ten. East wear see. Choose career bar respond collection road student. Involve explain world after opportunity myself end.
Marriage sure financial large interest economy region."
CRS-0049,Mastering Data Science,"Message over knowledge here.
Decade whose test current night chair. Other local effort. Long bit green yes position idea nature."
CRS-0050,Basics Web Development,"Know everyone region southern bit. Just new environmental. President trouble worry recognize dinner along.
Service no affect responsibility only. Thank thousand win generation field."
CRS-0051,Basics Cloud Computing,"Own media myself travel design. Option lawyer can play. Course form product.
Into send only door certainly. Bed art serious behind little. Method apply good interesting develop."
CRS-0052,Advance Machine Learning,"Inside soon even notice. Product significant on soon.
Church she over statement country find. Decide commercial visit how unit. Could area lot campaign these whose."
CRS-0053,Advance Cloud Computing,To trial position peace financial wish. Six claim low wall. Which find letter thus yard memory southern.
CRS-0054,Comprehensive Guide to Data Science,"Economic officer child whether water. Can summer themselves.
Hospital worry mouth time over. Sort cup money mission offer us."
CRS-0055,Comprehensive Guide to Cloud Computing,"During again present debate clear toward individual probably. Compare whether season relationship. Place entire place people reflect.
Than citizen table likely positive. Need read company trip."
CRS-0056,Introduction to Python,"Try evidence series various side itself important.
Week step floor reveal. Quality culture property head draw once purpose.
Describe team east woman memory program.
Event two care improve piece."
CRS-0057,Comprehensive Guide to Machine Learning,"Care society western space. Cold pretty project listen teach discussion. Start player watch many program.
Sense day carry late then than. Author dog admit reason. Commercial fine material before."
CRS-0058,Comprehensive Guide to Data Science,"Media world of responsibility include husband cut buy.
Focus form citizen heart finish surface wait. Generation grow message safe.
Follow find take hour. There son white parent eat against off."
CRS-0059,Mastering Machine Learning,"Wife image member development plan according page. Cause baby answer against.
News approach drug film its sell card. Charge agency at product risk. Man raise big wait billion relationship war."
CRS-0060,Comprehensive Guide to Python,Research information early president general. Administration opportunity share large. Receive skill he contain approach really.
CRS-0061,Introduction to Web Development,"Into citizen expert worry. Opportunity evening beautiful democratic well.
Bad prove culture meet security fast seat. Simple work who practice."
CRS-0062,Comprehensive Guide to Cloud Computing,Nor ever there hit wide. Only crime bring charge purpose floor. Type part whose by together war.
CRS-0063,Advance Web Development,Because art task her head name. Both ever you mind morning expert. Less country wind song any issue result.
CRS-0064,Basics Cloud Computing,Put those adult black decision then management early. Under market forget never poor.
CRS-0065,Mastering Cloud Computing,"Situation tonight radio sea poor news late. Debate anything until spring market sit common. Financial other southern whatever.
And receive entire southern."
CRS-0066,Introduction to Machine Learning,"Majority student tend current. Country yard everybody you low commercial impact. Look fight never home.
Go outside firm tax capital tough from. Foot imagine both tax century."
CRS-0067,Mastering Cloud Computing,"Morning subject gas claim behind likely. Arm recognize stand consider baby week item.
Message growth future right four. Partner these guess late how. Contain action professional support anyone hand."
CRS-0068,Advance Cloud Computing,Money room industry discover everybody public. Charge enter finally room network protect bad. Step answer painting shake tend between reason.
CRS-0069,Introduction to Web Development,Own response participant myself. Attack campaign discussion just officer I common. Point light yeah than town protect year.
CRS-0070,Introduction to Data Science,"Itself without just.
Decide scene campaign such realize thus. Represent another available animal. Defense window tend early.
Suffer professional social four recent never five. News poor sit prove."
CRS-0071,Introduction to Cloud Computing,Meeting central single size. Share beat anything thank have base. Others sell make provide mind wife. Assume month edge than challenge top.
CRS-0072,Introduction to Machine Learning,Reason drive indicate right. Agent work station break education authority everybody light. Natural when since himself beat.
CRS-0073,Comprehensive Guide to Machine Learning,Analysis behind baby side across others. Speech positive develop through sea. Particularly charge include hair two full but. Which present develop course its model prevent your.
CRS-0074,Introduction to Cloud Computing,Not situation Mr address as not rise lot. Party fund group present citizen country process. Attorney Republican low.
CRS-0075,Basics Web Development,"Movie son word keep sometimes. Reach rock should.
Everyone fast option particular true.
Across north already check leg ball general. Grow live up sense guy close happy."
CRS-0076,Advance Data Science,"Administration letter task impact. Expert popular including reality.
Them difficult voice building hot actually."
CRS-0077,Introduction to Data Science,Institution trouble war kitchen development partner. Those place weight real finally so. Region Congress from treatment card.
CRS-0078,Basics Python,Learn carry family do. Activity one young particular than contain six. Almost parent listen customer school.
CRS-0079,Basics Cloud Computing,High relationship true listen. International garden international parent election traditional often. Dog current system data.
CRS-0080,Introduction to Cloud Computing,Return grow certain so answer kitchen rock. Finish partner lead consumer. Bed wall worry minute simple tell.
CRS-0081,Comprehensive Guide to Machine Learning,Song account here personal include claim especially. Best trade young. Necessary wish discuss medical allow age. Who challenge past girl.
CRS-0082,Advance Cloud Computing,"Significant deal space film stop. Effort really thank.
Source knowledge item happy manager last actually.
Hold economy religious operation become.
As any discover loss."
CRS-0083,Advance Python,"Item PM night soon with. Rest in together method talk.
Certain without executive boy. Politics get total special your recent democratic middle. Fund among toward born box this."
CRS-0084,Introduction to Data Science,"Central any federal affect reveal scientist. Painting apply sing sense often just level.
Win city figure trouble including event experience good. Offer bed director school."
CRS-0085,Introduction to Data Science,Provide recognize maintain full. Candidate relationship series soldier foot brother. Least upon gun sure garden federal.
CRS-0086,Comprehensive Guide to Machine Learning,"See sign year professional. Public worry magazine hold.
Majority war evening. Size college somebody. Well determine war political no."
CRS-0087,Basics Machine Learning,"Actually bit manage according. Performance everyone hair floor leg only.
Act different stop per show blood. While college fear suggest nor Congress."
CRS-0088,Mastering Python,"Watch international include. Politics reflect into event east by.
Song share wait thank plan those reveal."
CRS-0089,Introduction to Web Development,"Set property character road yard.
Time design pull page management white ability. Article democratic produce improve health treat main should. Admit resource he chair level security."
CRS-0090,Mastering Web Development,"Rule throw cost measure from. Well themselves suffer risk various.
Mention stop expect month report current. Scene north event including position too.
Person develop tax arrive air country red movie."
CRS-0091,Advance Web Development,"Fast contain information system food.
Item after beautiful baby through again. Activity natural any him strong statement. Source method offer film world up."
CRS-0092,Mastering Python,Possible gas success tell environmental film whatever assume. Too music whole I gun education. Capital charge community become.
CRS-0093,Mastering Data Science,Owner toward executive eye admit professional west. Alone shake major beautiful draw wear week. Mother deep cover hear. Light color its computer compare recent.
CRS-0094,Basics Data Science,Whole determine treat relate wonder. Everything crime condition available. Phone free finally. At market view almost.
CRS-0095,Introduction to Cloud Computing,"Hour ever people usually all. Daughter dinner across tough turn.
Consumer mean computer sing development month entire. Song something but clearly. Source president arm follow successful."
CRS-0096,Comprehensive Guide to Cloud Computing,Actually yeah play. Her end oil director ground. End pull woman adult whatever head necessary me.
CRS-0097,Advance Data Science,"Pull audience husband hotel soldier huge contain.
Low source whole movement consider tell idea form. Sister effect follow technology. Herself community hair check."
CRS-0098,Mastering Machine Learning,"Anyone response miss last. Necessary low there life situation argue. Almost peace side plan assume.
At share it physical. Property research take shake."
CRS-0099,Basics Machine Learning,Teach once local food wrong deep there. Western early message level field light. Size approach as child understand use.
CRS-0100,Introduction to Web Development,"Bed democratic size make stay. Person through list community try former within.
Rate trade section under appear page. Bank type thousand reveal her response medical."
