lesson_id,course_id,title,content
LES-0001,CRS-0072,Deep Dive into State Management,Street member process ask employee they court prove.
LES-0002,CRS-0043,Understanding Git Workflows,Minute success article heart do record performance market movie newspaper identify room difference mouth news.
LES-0003,CRS-0017,Understanding SQL Joins,Free president people class phone defense hand kid how team author protect.
LES-0004,CRS-0098,Getting Started with SQL Joins,Yeah cell clearly manager health newspaper contain director economy.
LES-0005,CRS-0045,Debugging State Management,Wind expert manager grow add small plan low successful would idea such quality risk near.
LES-0006,CRS-0088,Understanding State Management,Debate office government artist amount rate direction sit.
LES-0007,CRS-0009,Mastering SQL Joins,Party magazine people water record back action four close traditional pay beautiful image.
LES-0008,CRS-0020,Getting Started with Arrays & Objects,Control candidate including bag message figure according city strong too.
LES-0009,CRS-0080,Mastering State Management,Serve interview American small peace cost happen either.
LES-0010,CRS-0081,Debugging State Management,Us short spend your too eight check pretty wish.
LES-0011,CRS-0031,Deep Dive into SQL Joins,Answer community board both news Republican kitchen actually language stuff imagine general stand.
LES-0012,CRS-0096,Mastering State Management,Mouth option suffer age phone board still particularly hand about happen result must themselves heavy.
LES-0013,CRS-0035,Understanding REST APIs,Picture hear PM back analysis personal food economic senior sister occur be as couple pay official.
LES-0014,CRS-0024,Deep Dive into REST APIs,Whatever personal coach somebody analysis because be find clear light church white discover must.
LES-0015,CRS-0028,Debugging Git Workflows,Happen mention begin mission concern wear word during any top professional world just let.
LES-0016,CRS-0064,Deep Dive into Git Workflows,Leave rate the development prepare brother great home camera experience born according audience benefit likely avoid.
LES-0017,CRS-0056,Deep Dive into REST APIs,Organization decade teacher finally apply toward key western music everything down court by unit draw across.
LES-0018,CRS-0049,Debugging State Management,Less pressure life call art thank rich show week discover ability under million.
LES-0019,CRS-0084,Deep Dive into Git Workflows,Crime everything serve feeling thus others tonight require two choose because travel research religious term.
LES-0020,CRS-0042,Understanding SQL Joins,Sell begin soon approach wind country success career trip detail though.
LES-0021,CRS-0092,Deep Dive into Arrays & Objects,Go she room wish collection college represent always force deal lot happy.
LES-0022,CRS-0064,Getting Started with SQL Joins,Gas not technology weight oil writer suddenly challenge stop start seem four candidate parent.
LES-0023,CRS-0023,Deep Dive into State Management,Thousand director something hotel eye agreement effect Mr born practice myself age seek.
LES-0024,CRS-0006,Mastering Arrays & Objects,Traditional throw never enjoy record house vote note form class edge.
LES-0025,CRS-0065,Understanding SQL Joins,Team sing per pay daughter although keep happen budget think collection goal energy share much draw.
LES-0026,CRS-0024,Mastering REST APIs,Soon them soldier suggest professional seat discover pretty walk fund certainly notice high.
LES-0027,CRS-0019,Mastering Arrays & Objects,Trade set represent staff that bad beyond whatever nice letter key become write actually country.
LES-0028,CRS-0069,Debugging Git Workflows,Country most century up mouth control five while thing.
LES-0029,CRS-0066,Mastering REST APIs,Individual let adult hair growth very citizen we level.
LES-0030,CRS-0048,Understanding SQL Joins,Surface wife last success anyone former easy provide.
LES-0031,CRS-0028,Deep Dive into Git Workflows,Sell answer wait treatment adult end eye factor real spend choice.
LES-0032,CRS-0010,Getting Started with Arrays & Objects,Old follow staff including father site turn raise avoid grow area south American cultural.
LES-0033,CRS-0063,Understanding Arrays & Objects,Tree per join into behavior make such administration reason human wide admit pull determine.
LES-0034,CRS-0090,Understanding REST APIs,Positive collection role week so half audience him challenge cause.
LES-0035,CRS-0087,Mastering SQL Joins,Dark that available return believe my home himself face leader worry more beyond trade student.
LES-0036,CRS-0022,Mastering Arrays & Objects,Pm keep not ball avoid head authority.
LES-0037,CRS-0099,Mastering Git Workflows,Movie which matter American family remain soon.
LES-0038,CRS-0028,Understanding Git Workflows,Fly food offer economic generation technology language without whose themselves bad officer finally surface central keep.
LES-0039,CRS-0027,Deep Dive into SQL Joins,Sit can who song age each arm oil receive reflect similar religious.
LES-0040,CRS-0049,Deep Dive into Arrays & Objects,Body enter read commercial agreement himself list character would amount resource they show training form wide.
LES-0041,CRS-0047,Understanding Git Workflows,Accept onto southern appear smile candidate might news will.
LES-0042,CRS-0078,Getting Started with REST APIs,Stop hotel right public management size late wall science director detail part field finally budget play.
LES-0043,CRS-0081,Debugging State Management,Goal question radio modern picture push exist group deal participant wish include remember discuss.
LES-0044,CRS-0003,Deep Dive into Arrays & Objects,Idea more fear hundred information account Democrat firm understand.
LES-0045,CRS-0020,Mastering SQL Joins,Newspaper somebody sign set kind whose spring fear become why factor food.
LES-0046,CRS-0007,Debugging Arrays & Objects,Light who treatment garden statement modern common school feeling good walk.
LES-0047,CRS-0043,Understanding Arrays & Objects,Tend customer treat story born hair level last lose culture enter culture cup.
LES-0048,CRS-0008,Mastering Arrays & Objects,Wait billion study his across say trial.
LES-0049,CRS-0034,Mastering Arrays & Objects,Turn describe international across strategy certainly industry finally school work society follow cost.
LES-0050,CRS-0028,Getting Started with REST APIs,Hear writer air chance nor director appear program beautiful one and white.
LES-0051,CRS-0021,Understanding State Management,Protect result cost seem commercial wear include measure person.
LES-0052,CRS-0002,Getting Started with SQL Joins,Real member eye beyond theory prepare cell rock thousand TV population reach family.
LES-0053,CRS-0047,Mastering SQL Joins,Word wonder remain understand character security around green under soon course phone full street protect cold.
LES-0054,CRS-0043,Mastering State Management,Door face south discover anything west understand night give.
LES-0055,CRS-0073,Mastering State Management,Ever real either part mean hospital drop.
LES-0056,CRS-0077,Debugging Git Workflows,Technology system I thing actually plan rich or edge usually better list half someone laugh.
LES-0057,CRS-0064,Understanding REST APIs,Minute education he edge other guy simply better imagine.
LES-0058,CRS-0006,Mastering SQL Joins,Financial control military situation why forward stage usually from remain never much.
LES-0059,CRS-0099,Debugging SQL Joins,Hundred occur fire free purpose collection attorney author contain take consumer allow.
LES-0060,CRS-0098,Understanding SQL Joins,Bill occur affect present movement consumer take personal region could decade century must take into if.
LES-0061,CRS-0083,Getting Started with Arrays & Objects,Group and amount environmental experience employee health air break evening but while miss ability trip.
LES-0062,CRS-0020,Mastering Git Workflows,Stand keep east popular civil six operation condition service voice.
LES-0063,CRS-0087,Debugging Git Workflows,Occur onto affect tend go PM machine it behavior.
LES-0064,CRS-0027,Understanding Arrays & Objects,Common give television recent inside notice single war way.
LES-0065,CRS-0083,Understanding REST APIs,Few check still four live reduce any class itself maintain.
LES-0066,CRS-0047,Debugging Arrays & Objects,Theory century whether benefit surface century president of true begin time those.
LES-0067,CRS-0021,Mastering SQL Joins,Social computer only a father enter inside vote kid bar story computer necessary whole.
LES-0068,CRS-0059,Debugging SQL Joins,Discussion student show dream add without feel up lay.
LES-0069,CRS-0024,Understanding State Management,Figure decade should candidate send reduce fight high beat provide around.
LES-0070,CRS-0089,Mastering Git Workflows,Miss space best score field drive leader north.
LES-0071,CRS-0035,Understanding SQL Joins,Animal it himself this show language place.
LES-0072,CRS-0048,Getting Started with SQL Joins,Clearly become cause training area food let Mr.
LES-0073,CRS-0085,Mastering State Management,Suggest yourself finish matter unit control respond religious person old current require media yet parent financial.
LES-0074,CRS-0058,Debugging SQL Joins,Human computer the ahead then all loss civil walk worker I party.
LES-0075,CRS-0010,Understanding Git Workflows,Adult activity age grow drive machine least.
LES-0076,CRS-0068,Debugging REST APIs,Option avoid growth happen according party since change statement director home very ability interest play condition.
LES-0077,CRS-0031,Getting Started with Arrays & Objects,Defense similar fine establish thus out yourself learn really movie system affect federal.
LES-0078,CRS-0049,Debugging REST APIs,On particularly teach sort his what finish sound low he career social certain.
LES-0079,CRS-0096,Understanding Git Workflows,Ball career no front pick line someone.
LES-0080,CRS-0078,Debugging SQL Joins,Yeah never may late heart fly add financial debate candidate information sense upon dinner.
LES-0081,CRS-0062,Understanding Git Workflows,Almost culture improve such fact movement capital practice performance arrive move reality billion.
LES-0082,CRS-0049,Deep Dive into Git Workflows,Hear town spring Mr born may machine take late each light event stuff.
LES-0083,CRS-0055,Deep Dive into Git Workflows,Occur anything focus TV say reduce actually center bed window professor do.
LES-0084,CRS-0090,Deep Dive into Git Workflows,Run upon create expect good month both worker budget stage yard read.
LES-0085,CRS-0019,Getting Started with REST APIs,Officer go bank dog from spring season.
LES-0086,CRS-0006,Debugging Arrays & Objects,Degree manage development sure believe own red.
LES-0087,CRS-0034,Debugging REST APIs,Experience ago material wide pass project while film general probably society president part say marriage.
LES-0088,CRS-0009,Debugging SQL Joins,Across relationship beyond heart play soldier material too any finish maintain lay.
LES-0089,CRS-0068,Mastering State Management,Story director candidate matter certainly his upon something author.
LES-0090,CRS-0083,Mastering State Management,Group party available plant your it range painting.
LES-0091,CRS-0034,Getting Started with Arrays & Objects,Group nearly discuss debate guess build himself identify.
LES-0092,CRS-0078,Mastering Arrays & Objects,Already thus view truth process service right show it full debate charge say group.
LES-0093,CRS-0032,Mastering SQL Joins,Foot because benefit change middle box great hope treatment five.
LES-0094,CRS-0049,Getting Started with SQL Joins,Arrive anything issue no specific beat position half even inside difference skill half.
LES-0095,CRS-0049,Understanding REST APIs,Day home section push month these lose away view wear but without.
LES-0096,CRS-0072,Debugging Git Workflows,Cup wear wind stock food yard line.
LES-0097,CRS-0018,Debugging State Management,Husband still involve wish body process much event care something miss exist.
LES-0098,CRS-0067,Deep Dive into REST APIs,Until rise grow seem yes once note hot.
LES-0099,CRS-0040,Mastering REST APIs,Back practice sport federal prevent market church hope whose pretty remain.
LES-0100,CRS-0083,Understanding Arrays & Objects,Window allow tend talk water wall Congress recognize four college.
