user_id,user_name,user_role,user_email,user_phone
USR-0001,William Sullivan,instructor,bwallace@example.org,7384930610
USR-0002,Kevin Curtis,student,ericalvarado@example.com,8046815183
USR-0003,Jeffrey Hoffman,instructor,peggycooper@example.net,6143952267
USR-0004,Andrea Mann,student,ambercruz@example.org,7939143651
USR-0005,Bruce Brown,instructor,amandabrooks@example.org,6888276528
USR-0006,Douglas Trujillo,student,rachelperkins@example.net,7401611301
USR-0007,David Rodgers,instructor,tinajames@example.net,9834785407
USR-0008,Shannon Franco,instructor,grahamjennifer@example.com,7629525736
USR-0009,Linda Ramirez,instructor,ibarramatthew@example.org,8359256932
USR-0010,Adrian Williams,student,cindy83@example.org,9009263894
USR-0011,Jodi Lopez,instructor,williamewing@example.com,6501701514
USR-0012,Bruce Wade,student,floresheather@example.org,8797166574
USR-0013,Kenneth Smith,student,mirandadaniel@example.com,7351651980
USR-0014,Todd Krause,instructor,ghubbard@example.org,8331317375
USR-0015,Gregory Miller,student,qjohnson@example.net,9369055427
USR-0016,Angela Ramirez,student,brian55@example.net,6645109930
USR-0017,Andrew Gates,student,jaclyn95@example.com,7753120303
USR-0018,Danielle Guerrero,student,hawkinsruben@example.net,8722322099
USR-0019,Angela Smith,instructor,michaelpineda@example.com,7808990938
USR-0020,Richard Miller,instructor,brandon06@example.com,7293763335
USR-0021,Luis Hamilton,instructor,brenthernandez@example.net,9480764052
USR-0022,Samantha Johnson,student,jameslane@example.com,6622141594
USR-0023,Chloe Schwartz,student,ylopez@example.com,7478780519
USR-0024,Stephanie Mercado,student,justinbaker@example.org,8525067207
USR-0025,Theresa Lambert,instructor,smithrhonda@example.org,6040967305
USR-0026,Andrea Mueller,instructor,briana49@example.com,8092602738
USR-0027,Zachary Harris,student,jacksonmason@example.net,6671591843
USR-0028,Deborah Torres,student,danielcolin@example.com,8863765233
USR-0029,Michael Jimenez,student,ggardner@example.net,9497451892
USR-0030,Alicia Dillon,student,elainejohnson@example.net,7843265061
USR-0031,Aaron Summers,student,lorimyers@example.com,6732542114
USR-0032,John Benson,instructor,danielslawrence@example.com,8421513184
USR-0033,Travis Duran,student,ariasruben@example.org,6432475436
USR-0034,Mark Trevino,instructor,anthonystokes@example.org,9927119569
USR-0035,Jason Thomas,student,kimberly38@example.org,7341953858
USR-0036,Grant Green,instructor,lwarner@example.net,7120435349
USR-0037,Bruce King,instructor,madelinevincent@example.com,6500764032
USR-0038,Erica Wu,student,davisvictoria@example.org,7609764403
USR-0039,Jennifer Dominguez,instructor,noblemark@example.com,8185344907
USR-0040,Christina Farmer,student,robertquinn@example.org,8205782255
USR-0041,Jim Acosta,student,ginahughes@example.net,8212496291
USR-0042,Thomas Myers,instructor,evan73@example.org,9104073525
USR-0043,David Charles,instructor,joelgriffin@example.net,9002269667
USR-0044,John Johnson,instructor,jonesevan@example.net,7005294185
USR-0045,Dana Velazquez,student,aprilbell@example.org,7333144782
USR-0046,Mckenzie Garcia,instructor,hahnaustin@example.org,7368857867
USR-0047,Matthew Perry,instructor,kylemoore@example.org,7792804126
USR-0048,Michael Ramirez,instructor,rachellove@example.com,6240819703
USR-0049,Nicholas Bauer,instructor,stantonpatricia@example.net,7059445759
USR-0050,Donald Whitehead,student,nicholasmelton@example.net,7795337088
USR-0051,Lisa Perez,instructor,john93@example.org,7507935375
USR-0052,Roberta Estes,instructor,smithdavid@example.net,8986837927
USR-0053,Jamie Pearson,instructor,nmelton@example.com,6697806215
USR-0054,Audrey Young,instructor,lopezruben@example.net,9031231431
USR-0055,Brian Williamson,instructor,fernandezbryce@example.com,9781415504
USR-0056,Mark Daniels,instructor,laurenrichard@example.net,9949053530
USR-0057,Megan Patel,student,mitchelljuan@example.org,6783243741
USR-0058,Elizabeth Payne,student,imaxwell@example.net,7884715464
USR-0059,Shari Sanchez,instructor,mcmahondylan@example.com,8551420468
USR-0060,Trevor Wiley,student,morgan97@example.net,7496442272
USR-0061,Bryan Vega,student,valerie26@example.com,9081348963
USR-0062,Lisa White,student,daycheryl@example.com,6252224364
USR-0063,Susan Bailey,instructor,yharding@example.net,8656140587
USR-0064,Gene Heath,instructor,davislydia@example.org,8394741927
USR-0065,Veronica Johnson,student,jacquelineperez@example.com,7933831114
USR-0066,Martha Bond,instructor,ramostommy@example.org,7057327430
USR-0067,Janice Alvarez,instructor,joshua61@example.net,7118120350
USR-0068,Brian Hoffman,instructor,zmiller@example.com,8029324330
USR-0069,Brian Hughes,student,enichols@example.com,6637141888
USR-0070,Virginia Gonzales,instructor,andrewsmith@example.com,8189008379
USR-0071,Denise Lee,student,lauraespinoza@example.com,7516947770
USR-0072,Kevin Kelley,student,pamelayoung@example.org,7690227643
USR-0073,Megan Sanders,instructor,brendanlong@example.com,9570956612
USR-0074,Matthew Richardson,instructor,knelson@example.com,9230824974
USR-0075,Elizabeth Rodriguez,instructor,christopher07@example.net,7081370156
USR-0076,Ruth Carr,student,kmurphy@example.net,7726998466
USR-0077,Dr. Sarah Wallace,student,chavezdarrell@example.com,6915258475
USR-0078,Marissa Ruiz,student,raymond59@example.org,9606241279
USR-0079,Taylor Aguilar,student,brett59@example.net,9565921305
USR-0080,Anne Evans,student,fross@example.net,6209046551
USR-0081,Kimberly Cantu,student,jamesallen@example.com,9493771916
USR-0082,Eric Alexander,instructor,urivera@example.net,7918020072
USR-0083,Krista Wood,student,walkerdennis@example.org,6767665585
USR-0084,Charles Mclaughlin,instructor,melissa86@example.net,7703741443
USR-0085,David Wallace,instructor,zsanchez@example.com,9828252582
USR-0086,Jeremy Anderson,student,johndaniels@example.com,6215122478
USR-0087,Sarah Bailey,student,miguelwallace@example.org,6281985849
USR-0088,Brent Lewis,student,jessicasmith@example.net,9274909076
USR-0089,Leah Anderson,instructor,umiller@example.com,8110949951
USR-0090,Suzanne Harris,student,conradsergio@example.org,9506070367
USR-0091,Tyrone Hale,instructor,fmiller@example.org,8754434595
USR-0092,Karen Pittman,instructor,petermartinez@example.net,8904048839
USR-0093,Cindy Robinson,instructor,jenniferchristian@example.com,6444879106
USR-0094,Rebecca Cook,instructor,doris42@example.com,8244610042
USR-0095,Michael Gregory,student,shawn38@example.net,6455325636
USR-0096,Colleen Carson,student,mark54@example.org,6714690913
USR-0097,Lisa Yang,student,sevans@example.com,6918777138
USR-0098,Anne Howe,student,iwood@example.com,6429068366
USR-0099,Terrence Price,instructor,bartonnatasha@example.net,8163394768
USR-0100,Jordan Bell,instructor,xbrock@example.org,7695229539
