warehouse,product,supplier,stock_level,reorder_level,last_updated,transport_cost
WH-C,Tablet,Supplier-Y,651.0,401,2026-06-25,3274.63
WH-A,Laptop,Supplier-W,582.0,316,2025-03-01,4261.15
WH-A,Monitor,Supplier-Y,125.0,340,2025-05-06,2036.49
WH-E,Mouse,Supplier-Y,320.0,84,2025-10-01,3515.63
WH-C,Laptop,Supplier-W,388.0,37,2025-03-10,1343.41
WH-B,Laptop,Supplier-V,772.0,23,2025-03-23,4578.61
WH-D,Tablet,Supplier-X,238.0,282,2024-07-05,2498.56
WH-C,Tablet,Supplier-Z,219.0,387,2026-05-17,4119.04
WH-D,Keyboard,Supplier-V,741.0,224,2025-06-11,4603.03
WH-A,Tablet,Supplier-X,630.0,65,2025-03-10,5167.07
WH-C,Mobile,Supplier-Z,266.0,305,2024-07-10,1437.45
WH-C,Mobile,Supplier-Z,8.0,354,2024-11-07,890.9
WH-C,Laptop,Supplier-W,642.0,351,2024-07-24,3100.85
WH-B,Mobile,Supplier-W,459.0,31,2025-02-11,1222.47
WH-E,Monitor,Supplier-Y,680.0,375,2026-05-20,4133.09
WH-D,Laptop,Supplier-Z,15.0,371,2025-01-18,3325.5
WH-D,Laptop,Supplier-V,853.0,227,2026-02-10,2610.95
WH-D,Mouse,Supplier-X,399.0,250,2025-01-02,1430.28
WH-E,Laptop,Supplier-Z,473.0,249,2025-01-20,1926.67
WH-B,Mobile,Supplier-Z,174.0,305,2026-04-13,3583.49
WH-B,Mouse,Supplier-W,857.0,194,2025-10-25,3839.5
WH-A,Printer,Supplier-V,220.0,294,2026-04-21,1587.22
WH-E,Router,Supplier-Y,892.0,498,2025-03-24,4146.65
WH-B,Mouse,Supplier-Z,286.0,48,2025-03-26,793.19
WH-D,Keyboard,Supplier-V,497.0,369,2025-01-08,1530.37
WH-D,Printer,Supplier-V,464.0,131,2025-09-20,5220.15
WH-D,Mouse,Supplier-Y,172.0,294,2025-12-23,735.71
WH-B,Mobile,Supplier-Y,746.0,432,2026-01-07,2783.31
WH-B,Mouse,Supplier-V,690.0,83,2026-03-23,2026.57
WH-E,Mobile,Supplier-Y,60.0,430,2024-09-19,4270.5
WH-A,Mobile,Supplier-W,227.0,80,2025-08-30,1979.8
WH-D,Mouse,Supplier-Y,552.0,46,2025-03-12,4968.71
WH-E,Mobile,Supplier-Z,170.0,136,2026-05-28,3255.1
WH-A,Laptop,Supplier-W,48.0,158,2024-11-07,2105.88
WH-B,Keyboard,Supplier-V,556.0,365,2025-02-15,3062.29
WH-B,Laptop,Supplier-V,961.0,322,2025-06-30,1369.0
WH-A,Keyboard,Supplier-Y,217.0,305,2025-08-09,2067.21
WH-D,Mobile,Supplier-Y,575.0,206,2025-12-02,2205.35
WH-C,Tablet,Supplier-Z,140.0,395,2025-03-17,2348.32
WH-E,Printer,Supplier-W,221.0,104,2025-05-18,1248.96
WH-B,Laptop,Supplier-Y,37.0,350,2026-04-04,3661.64
WH-C,Mouse,Supplier-Y,490.0,29,2025-05-21,899.4
WH-D,Mobile,Supplier-X,144.0,13,2024-09-23,4292.83
WH-D,Tablet,Supplier-W,46.0,495,2025-06-14,3795.24
WH-B,Mouse,Supplier-Y,93.0,343,2025-02-04,864.05
WH-D,Printer,Supplier-Y,775.0,166,2026-04-17,4327.54
WH-C,Router,Supplier-V,6.0,152,2026-06-22,3559.26
WH-A,Mouse,Supplier-X,230.0,255,2025-09-15,3760.97
WH-D,Tablet,Supplier-X,503.0,302,2026-06-01,1582.93
WH-B,Monitor,Supplier-W,240.0,317,2025-02-14,2413.69
WH-B,Monitor,Supplier-Y,493.0,116,2025-03-16,3107.37
WH-C,Router,Supplier-V,324.0,176,2026-01-26,2094.69
WH-B,Laptop,Supplier-V,591.0,313,2026-03-25,827.25
WH-D,Laptop,Supplier-W,784.0,227,2025-04-05,1572.82
WH-C,Router,Supplier-X,322.0,247,2025-06-11,1986.34
WH-D,Printer,Supplier-Y,195.0,24,2025-10-26,3242.0
WH-B,Tablet,Supplier-Y,261.0,378,2025-10-05,2748.68
WH-A,Router,Supplier-X,442.0,201,2026-02-18,2878.71
WH-B,Laptop,Supplier-Z,834.0,467,2026-02-18,2777.55
WH-E,Tablet,Supplier-V,720.0,67,2025-08-21,2453.16
WH-A,Printer,Supplier-W,94.0,468,2024-09-15,1262.32
WH-E,Monitor,Supplier-Y,130.0,411,2025-08-09,4075.69
WH-D,Laptop,Supplier-W,712.0,99,2024-10-23,2494.72
WH-C,Mouse,Supplier-W,270.0,396,2026-06-18,4036.81
WH-E,Printer,Supplier-X,392.0,421,2026-04-08,1335.24
WH-E,Mobile,Supplier-Z,6.0,494,2024-07-29,2240.98
WH-E,Tablet,Supplier-Y,274.0,111,2024-07-22,3179.14
WH-D,Keyboard,Supplier-W,44.0,290,2024-07-09,4742.48
WH-B,Keyboard,Supplier-V,14.0,419,2026-06-22,2305.72
WH-C,Printer,Supplier-V,406.0,244,2026-02-27,1888.78
WH-E,Keyboard,Supplier-Z,140.0,444,2024-09-24,4785.39
WH-C,Printer,Supplier-Z,216.0,168,2024-11-09,619.07
WH-C,Router,Supplier-Z,523.0,390,2025-06-01,1042.93
WH-D,Tablet,Supplier-Z,64.0,340,2025-08-29,3290.32
WH-D,Printer,Supplier-X,247.0,212,2026-03-03,3660.47
WH-C,Monitor,Supplier-V,521.0,249,2024-11-10,783.4
WH-C,Router,,,22,2025-04-07,
WH-C,Tablet,Supplier-V,928.0,495,2026-06-22,4784.06
WH-B,Mobile,Supplier-V,324.0,0,2025-03-27,4299.26
WH-B,Tablet,Supplier-V,1.0,257,2025-10-11,3341.78
WH-D,Router,Supplier-V,825.0,138,2025-01-17,2174.46
WH-C,Monitor,Supplier-X,271.0,308,2024-07-04,2642.25
WH-B,Keyboard,Supplier-X,650.0,154,2024-07-06,4805.89
WH-A,Mobile,Supplier-W,526.0,286,2024-07-11,1564.93
WH-E,Mobile,Supplier-X,703.0,277,2024-10-24,5216.38
WH-A,Monitor,Supplier-X,501.0,146,2024-08-01,5035.34
WH-B,Laptop,Supplier-V,375.0,325,2026-02-01,4828.21
WH-B,Laptop,Supplier-V,131.0,348,2025-10-20,3014.93
WH-D,Monitor,Supplier-Z,442.0,43,2026-05-03,2973.59
WH-D,Monitor,Supplier-Z,163.0,182,2025-02-26,3253.89
WH-B,Mobile,Supplier-V,407.0,296,2025-06-04,5019.3
WH-E,Printer,Supplier-Z,81.0,287,2025-05-12,1463.08
WH-C,Printer,Supplier-V,744.0,304,2026-01-12,3724.0
WH-A,Monitor,Supplier-V,718.0,423,2024-07-10,909.27
WH-C,Monitor,Supplier-Z,300.0,75,2024-07-23,4273.33
WH-C,Tablet,Supplier-Z,92.0,491,2025-06-16,2545.98
WH-B,Laptop,Supplier-Z,792.0,296,2025-01-01,1393.14
WH-A,Mouse,Supplier-X,887.0,368,2024-11-26,2925.78
WH-D,Printer,Supplier-X,549.0,413,2026-03-26,2323.96
WH-E,Tablet,Supplier-X,668.0,198,2026-04-30,2654.36
WH-A,Mobile,Supplier-Z,438.0,440,2025-12-08,4437.91
WH-E,Mobile,,,427,2026-06-11,
WH-C,Mobile,Supplier-W,906.0,286,2024-12-03,987.71
WH-E,Router,Supplier-X,646.0,233,2024-09-03,1580.08
WH-A,Mouse,Supplier-Z,564.0,325,2024-11-01,2849.91
WH-E,Mobile,Supplier-Y,190.0,149,2024-09-25,1095.16
WH-D,Router,Supplier-W,898.0,274,2025-03-17,4733.03
WH-C,Tablet,Supplier-Y,459.0,281,2025-07-24,3559.27
WH-D,Mouse,Supplier-V,59.0,420,2024-08-27,3478.57
WH-A,Router,Supplier-Z,762.0,27,2025-07-11,4313.63
WH-C,Keyboard,Supplier-X,977.0,482,2025-11-28,2037.81
WH-D,Router,Supplier-V,191.0,152,2025-05-15,2235.46
WH-D,Tablet,Supplier-Z,290.0,481,2024-10-11,4983.26
WH-C,Monitor,Supplier-X,724.0,447,2024-08-25,953.85
WH-C,Router,Supplier-V,390.0,233,2025-04-19,2162.64
WH-D,Mobile,Supplier-W,166.0,363,2024-09-17,1425.59
WH-D,Laptop,Supplier-X,90.0,114,2025-08-16,971.07
WH-E,Tablet,Supplier-Z,275.0,329,2026-05-01,4401.29
WH-B,Monitor,Supplier-Y,233.0,260,2024-09-18,3123.69
WH-D,Laptop,Supplier-V,439.0,277,2025-10-25,2457.69
WH-E,Tablet,Supplier-Z,996.0,42,2025-12-29,1061.4
WH-D,Mobile,Supplier-Z,704.0,417,2025-10-07,2499.06
WH-B,Mobile,Supplier-W,100.0,486,2026-01-31,2385.0
WH-C,Mobile,Supplier-V,388.0,236,2024-07-03,784.47
WH-B,Keyboard,Supplier-X,559.0,281,2025-01-14,961.48
WH-A,Router,Supplier-W,698.0,267,2024-11-07,1474.07
WH-C,Printer,Supplier-W,35.0,333,2026-01-14,4297.39
WH-C,Keyboard,Supplier-Z,248.0,128,2026-01-23,2859.61
WH-E,Router,Supplier-V,986.0,26,2024-11-07,2795.72
WH-B,Laptop,Supplier-Y,575.0,293,2024-12-13,4254.0
WH-A,Monitor,Supplier-W,724.0,267,2026-03-05,2451.33
WH-C,Laptop,Supplier-Y,895.0,47,2024-10-27,2967.55
WH-B,Printer,Supplier-Z,621.0,446,2026-03-28,1845.43
WH-E,Router,Supplier-Z,431.0,365,2024-11-28,3503.74
WH-C,Mouse,Supplier-V,512.0,350,2025-01-15,4337.83
WH-D,Tablet,Supplier-Z,255.0,142,2024-07-28,854.1
WH-B,Printer,,,84,2025-11-28,
WH-C,Keyboard,Supplier-W,256.0,148,2024-12-05,4431.53
WH-E,Mobile,Supplier-Y,36.0,233,2026-03-05,3007.26
WH-D,Keyboard,Supplier-Y,50.0,243,2024-12-06,3381.94
WH-C,Mobile,Supplier-V,837.0,83,2025-03-05,5129.5
WH-A,Tablet,Supplier-X,364.0,147,2026-06-25,2182.93
WH-E,Printer,Supplier-Z,646.0,361,2024-09-10,903.93
WH-E,Printer,Supplier-W,402.0,234,2024-09-15,2987.15
WH-D,Mouse,Supplier-V,246.0,176,2025-05-23,785.2
WH-A,Tablet,Supplier-V,331.0,236,2025-09-09,951.83
WH-C,Router,Supplier-V,823.0,298,2025-05-28,1689.94
WH-C,Keyboard,Supplier-Y,611.0,317,2024-08-08,5244.35
WH-B,Keyboard,Supplier-Y,443.0,252,2024-09-22,4572.64
WH-B,Keyboard,Supplier-X,288.0,8,2025-03-10,1084.56
WH-A,Monitor,Supplier-Y,117.0,166,2024-12-08,1862.45
WH-B,Laptop,Supplier-W,395.0,162,2025-05-26,4203.75
WH-D,Tablet,Supplier-W,761.0,244,2025-05-28,5093.14
WH-D,Mobile,Supplier-X,850.0,376,2026-05-20,2355.83
WH-B,Laptop,Supplier-W,158.0,476,2026-04-27,4413.29
WH-A,Monitor,Supplier-V,680.0,264,2026-05-10,2437.88
WH-B,Tablet,Supplier-W,146.0,333,2025-09-07,1411.73
WH-A,Monitor,Supplier-Z,214.0,161,2024-11-15,2282.28
WH-C,Router,Supplier-X,731.0,482,2024-10-22,2986.39
WH-C,Monitor,Supplier-Z,690.0,35,2025-12-16,2761.11
WH-B,Router,Supplier-Y,974.0,252,2025-12-12,5292.07
WH-E,Router,Supplier-W,552.0,38,2025-04-09,2798.32
WH-E,Laptop,Supplier-V,532.0,441,2025-04-29,811.32
WH-C,Mobile,Supplier-Y,616.0,279,2025-01-06,5191.58
WH-A,Laptop,Supplier-V,674.0,65,2024-09-06,2261.06
WH-C,Mouse,Supplier-Z,192.0,359,2025-01-06,4788.78
WH-B,Printer,Supplier-Z,976.0,300,2025-09-10,1373.16
WH-D,Tablet,Supplier-Y,977.0,320,2025-10-11,3917.12
WH-B,Laptop,Supplier-W,355.0,235,2025-07-23,4846.82
WH-D,Mouse,Supplier-X,618.0,68,2025-04-10,3308.59
WH-B,Monitor,Supplier-Y,96.0,135,2026-04-05,4169.03
WH-E,Printer,Supplier-V,253.0,84,2025-05-09,4355.02
WH-C,Laptop,Supplier-Z,200.0,140,2026-06-05,5058.62
WH-A,Mobile,Supplier-V,411.0,295,2025-07-14,3220.06
WH-A,Laptop,,,170,2025-07-09,
WH-A,Router,Supplier-Z,37.0,444,2024-08-06,3795.87
WH-C,Mouse,Supplier-Z,210.0,278,2025-11-18,3422.33
WH-E,Mobile,Supplier-X,794.0,490,2025-02-28,4088.4
WH-D,Laptop,Supplier-V,392.0,6,2024-10-18,4415.27
WH-A,Tablet,Supplier-X,509.0,95,2025-05-23,2718.04
WH-E,Mouse,Supplier-V,752.0,249,2025-12-06,1842.69
WH-C,Router,Supplier-Z,462.0,490,2025-09-12,3749.03
WH-A,Tablet,Supplier-X,57.0,9,2025-11-12,4660.35
WH-A,Tablet,Supplier-Y,470.0,468,2026-02-20,4118.47
WH-D,Mouse,Supplier-X,306.0,165,2025-11-25,3296.34
WH-E,Tablet,Supplier-Z,537.0,104,2025-03-22,5174.92
WH-A,Printer,Supplier-W,733.0,209,2025-06-17,945.77
WH-E,Mouse,Supplier-V,762.0,191,2025-03-24,2271.96
WH-D,Printer,Supplier-V,812.0,235,2025-12-29,2900.81
WH-A,Keyboard,Supplier-Z,395.0,304,2026-03-16,1650.06
WH-E,Printer,Supplier-Y,45.0,88,2026-03-29,4861.69
WH-A,Tablet,Supplier-X,27.0,370,2025-09-28,3518.43
WH-B,Tablet,Supplier-Z,561.0,279,2024-11-19,4809.23
WH-B,Keyboard,Supplier-Z,938.0,60,2025-02-11,4967.43
WH-B,Mouse,Supplier-Z,510.0,300,2024-08-13,2844.71
WH-B,Laptop,Supplier-X,393.0,252,2025-03-20,4063.22
WH-E,Monitor,Supplier-Z,329.0,437,2024-09-15,2252.48
WH-A,Printer,Supplier-Z,54.0,350,2025-12-31,894.65
WH-E,Printer,Supplier-X,288.0,31,2026-03-24,1709.34
WH-B,Laptop,Supplier-Z,601.0,224,2026-02-09,1848.86
WH-B,Printer,Supplier-Y,52.0,458,2025-06-10,4889.69
WH-E,Tablet,Supplier-X,647.0,126,2024-11-24,3653.03
WH-C,Tablet,Supplier-X,772.0,262,2026-05-29,2900.73
WH-C,Tablet,Supplier-Z,243.0,66,2026-01-06,2547.99
WH-A,Monitor,Supplier-X,408.0,426,2025-07-12,4980.69
WH-E,Mouse,Supplier-Y,923.0,87,2026-05-01,4288.17
WH-B,Router,Supplier-X,729.0,326,2025-04-01,884.22
WH-D,Mouse,Supplier-Z,339.0,270,2026-03-18,4342.64
WH-B,Keyboard,Supplier-Y,543.0,381,2025-04-05,3744.1
WH-E,Mouse,Supplier-Y,16.0,178,2025-04-27,4523.9
WH-E,Mouse,,,338,2025-07-17,
WH-C,Router,Supplier-Y,26.0,17,2025-01-29,1072.54
WH-E,Laptop,Supplier-X,811.0,454,2026-05-05,5302.13
WH-A,Printer,Supplier-W,933.0,267,2024-09-17,4147.19
WH-B,Router,Supplier-V,532.0,249,2026-05-19,4019.37
WH-A,Monitor,Supplier-W,709.0,265,2025-03-24,3222.44
WH-B,Printer,Supplier-Z,215.0,181,2025-03-05,831.82
WH-A,Keyboard,Supplier-Y,894.0,106,2025-08-16,5272.36
WH-B,Monitor,Supplier-Z,547.0,67,2025-12-16,1629.04
WH-E,Tablet,Supplier-X,418.0,191,2024-07-20,1818.95
WH-D,Printer,Supplier-W,617.0,95,2024-08-13,1627.74
WH-B,Monitor,Supplier-Y,163.0,320,2024-11-21,4464.56
WH-E,Keyboard,Supplier-Z,31.0,326,2025-06-02,2512.63
WH-A,Router,Supplier-X,908.0,440,2024-11-18,5085.61
WH-C,Monitor,Supplier-V,541.0,169,2026-04-17,2964.74
WH-E,Mobile,Supplier-V,474.0,65,2025-11-17,4881.41
WH-B,Mobile,Supplier-Z,827.0,186,2025-06-20,2911.31
WH-B,Mouse,Supplier-V,683.0,153,2024-08-05,2311.83
WH-E,Mobile,Supplier-W,758.0,325,2024-09-03,2101.67
WH-A,Mouse,Supplier-W,615.0,17,2024-07-10,3962.69
WH-D,Laptop,Supplier-W,242.0,216,2026-05-28,2164.69
WH-E,Laptop,Supplier-Y,125.0,306,2025-07-26,4721.95
WH-B,Router,Supplier-Y,345.0,18,2026-03-12,4131.62
WH-D,Keyboard,Supplier-W,797.0,45,2024-07-26,3354.47
WH-D,Router,Supplier-Z,274.0,449,2024-11-19,922.85
WH-B,Printer,,,325,2024-10-14,
WH-A,Laptop,Supplier-W,914.0,30,2026-04-30,3112.64
WH-C,Tablet,Supplier-Z,940.0,358,2024-07-03,2493.22
WH-D,Laptop,Supplier-Y,224.0,471,2025-12-30,4059.62
WH-D,Router,Supplier-Z,500.0,413,2025-02-26,1183.46
WH-E,Mouse,Supplier-Z,859.0,18,2025-07-25,1880.87
WH-C,Mouse,Supplier-W,220.0,81,2025-09-05,4935.7
WH-B,Mobile,Supplier-W,484.0,413,2025-11-06,3881.21
WH-E,Laptop,Supplier-V,434.0,147,2025-01-10,1271.3
WH-E,Keyboard,Supplier-Z,795.0,79,2025-09-10,4463.6
WH-E,Keyboard,Supplier-Z,482.0,291,2025-05-11,4300.9
WH-B,Mobile,Supplier-Y,995.0,156,2025-01-04,5180.75
WH-E,Laptop,Supplier-Y,399.0,328,2026-04-10,4602.9
WH-C,Tablet,Supplier-V,623.0,9,2025-09-06,4025.39
WH-E,Laptop,Supplier-Y,955.0,493,2025-07-06,3038.46
WH-A,Keyboard,Supplier-V,803.0,159,2024-08-24,4924.47
WH-B,Printer,Supplier-X,201.0,236,2025-02-13,3808.28
WH-A,Printer,Supplier-Z,841.0,159,2026-02-12,4220.23
WH-E,Printer,Supplier-W,384.0,113,2025-03-16,2768.15
WH-B,Keyboard,Supplier-W,458.0,38,2024-08-19,1830.16
WH-B,Laptop,Supplier-X,126.0,333,2025-03-07,3412.82
WH-E,Monitor,Supplier-X,36.0,65,2025-05-11,4532.75
WH-E,Printer,Supplier-V,252.0,268,2025-09-16,3912.23
WH-B,Printer,Supplier-Y,372.0,114,2025-02-19,1266.15
WH-B,Router,Supplier-W,652.0,324,2024-08-02,1407.11
WH-D,Printer,Supplier-Z,798.0,307,2024-12-21,3222.27
WH-C,Laptop,Supplier-Z,498.0,321,2025-08-06,2038.69
WH-D,Printer,Supplier-Z,836.0,384,2025-03-21,2847.41
WH-C,Router,Supplier-W,551.0,444,2025-05-21,5162.36
WH-A,Keyboard,Supplier-X,703.0,163,2025-08-10,4412.66
WH-B,Router,Supplier-W,893.0,189,2024-08-30,5352.23
WH-C,Laptop,Supplier-X,992.0,417,2025-08-21,5365.83
WH-C,Laptop,Supplier-Z,893.0,316,2025-12-08,1023.0
WH-C,Printer,Supplier-X,123.0,309,2024-07-20,1654.19
WH-E,Mouse,Supplier-X,705.0,443,2026-03-30,3458.83
WH-B,Mobile,Supplier-W,333.0,64,2025-04-13,4584.84
WH-D,Tablet,Supplier-W,524.0,167,2026-06-05,2219.57
WH-B,Router,Supplier-Y,309.0,231,2024-12-04,1151.6
WH-B,Monitor,Supplier-V,896.0,61,2025-06-15,5379.88
WH-B,Monitor,Supplier-V,24.0,385,2024-12-24,3983.79
WH-D,Printer,Supplier-W,139.0,344,2024-12-03,881.69
WH-C,Mobile,Supplier-W,598.0,489,2024-11-24,1410.8
WH-C,Mouse,Supplier-X,713.0,401,2026-04-29,4194.76
WH-E,Monitor,Supplier-W,886.0,433,2025-11-18,3200.09
WH-E,Monitor,Supplier-Y,520.0,391,2025-10-08,5057.82
WH-A,Printer,,,273,2026-01-08,
WH-C,Laptop,Supplier-W,127.0,324,2024-11-30,798.27
WH-C,Tablet,Supplier-Z,416.0,65,2025-10-14,4171.53
WH-D,Keyboard,Supplier-V,4.0,14,2025-02-15,3444.36
WH-D,Printer,Supplier-Z,91.0,65,2025-09-11,1295.78
WH-A,Monitor,Supplier-V,530.0,298,2026-04-19,1460.63
WH-E,Laptop,Supplier-Z,769.0,209,2025-10-22,2233.13
WH-B,Keyboard,Supplier-Y,687.0,265,2025-06-01,3935.82
WH-A,Mouse,Supplier-V,189.0,185,2025-02-18,765.2
WH-C,Monitor,Supplier-Y,478.0,315,2026-02-22,3862.82
WH-E,Mouse,Supplier-Z,758.0,168,2025-05-01,4534.55
WH-A,Printer,Supplier-Z,684.0,102,2025-05-04,2359.32
WH-C,Mobile,Supplier-Z,400.0,87,2025-11-16,2381.72
WH-E,Mouse,Supplier-Z,682.0,3,2024-08-31,4422.34
WH-D,Monitor,Supplier-V,954.0,268,2024-12-28,4784.56
WH-D,Keyboard,Supplier-Y,108.0,288,2025-02-13,3912.93
WH-D,Keyboard,Supplier-Z,542.0,372,2026-02-11,5063.95
WH-D,Monitor,Supplier-Y,935.0,254,2025-01-22,2693.41
WH-E,Tablet,Supplier-Z,725.0,247,2025-04-26,3608.26
WH-A,Mouse,Supplier-Z,549.0,351,2026-06-28,3549.52
WH-B,Mobile,Supplier-W,175.0,65,2025-12-26,4581.13
WH-B,Printer,Supplier-Y,130.0,454,2024-12-28,4638.45
WH-E,Tablet,Supplier-Z,68.0,490,2025-11-16,1565.22
WH-A,Tablet,Supplier-Z,161.0,340,2025-10-09,4746.58
WH-B,Keyboard,Supplier-V,281.0,444,2026-03-26,3769.78
WH-E,Monitor,Supplier-Z,777.0,455,2026-06-06,2501.11
WH-A,Monitor,Supplier-Y,48.0,53,2026-06-27,3196.19
WH-A,Monitor,Supplier-W,753.0,128,2025-08-31,4490.12
WH-C,Keyboard,Supplier-W,171.0,68,2025-03-01,1705.42
WH-E,Keyboard,Supplier-W,2.0,352,2025-05-21,3850.86
WH-C,Mobile,Supplier-W,704.0,162,2024-12-05,4546.21
WH-D,Keyboard,Supplier-X,433.0,40,2025-12-16,5130.69
WH-A,Mobile,Supplier-X,475.0,316,2025-01-24,4239.73
WH-E,Monitor,Supplier-Y,589.0,240,2026-02-10,3907.44
WH-C,Monitor,Supplier-V,777.0,224,2024-11-05,3782.79
WH-C,Keyboard,Supplier-W,309.0,276,2024-10-11,1282.55
WH-E,Keyboard,Supplier-X,757.0,248,2026-05-30,1535.9
WH-D,Keyboard,Supplier-Z,272.0,142,2024-12-20,637.2
WH-A,Mouse,Supplier-V,619.0,31,2025-04-01,2241.18
WH-C,Mobile,,,333,2026-06-20,
WH-A,Mobile,Supplier-X,120.0,265,2025-09-24,1853.19
WH-D,Monitor,Supplier-W,620.0,261,2026-04-01,2483.02
WH-B,Mouse,Supplier-W,127.0,70,2024-09-16,3026.4
WH-D,Keyboard,Supplier-W,225.0,154,2025-06-13,4034.18
WH-C,Keyboard,Supplier-X,706.0,19,2025-03-03,2397.61
WH-D,Tablet,Supplier-V,715.0,283,2026-06-19,4665.14
WH-C,Monitor,Supplier-Y,733.0,493,2026-02-21,1018.15
WH-E,Printer,Supplier-Z,779.0,174,2025-06-04,2340.37
WH-B,Mouse,Supplier-X,693.0,126,2026-03-09,2762.18
WH-B,Mobile,Supplier-Z,971.0,211,2024-08-28,2471.58
WH-D,Mobile,Supplier-W,996.0,14,2024-11-03,5024.24
WH-E,Laptop,Supplier-Z,789.0,311,2025-05-24,5027.93
WH-E,Laptop,Supplier-Z,939.0,80,2025-10-10,2176.14
WH-E,Laptop,Supplier-Z,283.0,96,2024-09-06,926.16
WH-C,Monitor,Supplier-Y,541.0,490,2025-11-13,1962.58
WH-B,Keyboard,Supplier-Y,122.0,43,2024-12-12,3738.72
WH-E,Keyboard,Supplier-Y,162.0,454,2026-06-13,2782.95
WH-D,Printer,Supplier-Z,622.0,201,2024-07-25,4243.84
WH-D,Router,Supplier-Z,219.0,3,2025-06-14,1046.08
WH-C,Monitor,Supplier-X,467.0,364,2024-10-13,4912.06
WH-E,Monitor,Supplier-Z,175.0,212,2025-01-28,3212.05
WH-C,Mobile,Supplier-X,461.0,123,2026-04-06,1205.45
WH-B,Printer,Supplier-V,624.0,402,2026-02-06,4172.86
WH-D,Tablet,Supplier-X,144.0,253,2025-08-28,4040.28
WH-E,Mobile,Supplier-Z,584.0,409,2024-12-12,2607.74
WH-C,Router,Supplier-X,467.0,448,2025-09-22,3006.48
WH-A,Mouse,Supplier-Z,1.0,486,2025-12-13,2821.47
WH-D,Monitor,Supplier-W,90.0,18,2025-09-23,4047.64
WH-D,Keyboard,Supplier-Y,916.0,405,2025-02-19,4273.21
WH-C,Router,Supplier-X,116.0,231,2024-09-06,1716.43
WH-E,Printer,Supplier-W,236.0,10,2025-01-16,4017.13
WH-A,Router,Supplier-X,120.0,29,2025-05-15,3299.3
WH-E,Mouse,Supplier-X,431.0,21,2024-07-07,1006.5
WH-D,Mobile,Supplier-W,531.0,406,2024-10-12,4014.13
WH-C,Laptop,Supplier-X,785.0,419,2025-06-06,979.77
WH-B,Printer,Supplier-Y,25.0,480,2025-09-29,4649.89
WH-C,Tablet,Supplier-V,668.0,337,2024-07-10,3207.89
WH-D,Tablet,Supplier-V,578.0,222,2025-01-14,4762.19
WH-C,Router,Supplier-Y,215.0,299,2025-05-13,4618.21
WH-D,Mobile,Supplier-Y,782.0,247,2024-10-13,3778.03
WH-D,Tablet,Supplier-W,19.0,186,2024-11-28,3944.93
WH-A,Keyboard,Supplier-W,667.0,493,2026-04-17,1349.3
WH-D,Monitor,Supplier-V,821.0,407,2026-04-29,4563.39
WH-B,Mobile,Supplier-X,242.0,174,2025-09-01,3332.23
WH-D,Router,Supplier-Y,502.0,333,2024-12-02,1124.92
WH-B,Laptop,Supplier-V,647.0,432,2025-01-11,3632.53
WH-A,Laptop,Supplier-X,74.0,437,2025-06-28,731.7
WH-A,Keyboard,Supplier-X,347.0,301,2025-04-05,5080.32
WH-D,Printer,Supplier-X,736.0,461,2024-08-18,4437.53
WH-A,Mouse,Supplier-W,276.0,413,2026-05-29,3359.23
WH-C,Mouse,Supplier-X,404.0,365,2024-10-21,1687.08
WH-C,Keyboard,,,284,2026-03-24,
WH-D,Router,Supplier-Z,142.0,252,2025-03-26,4803.12
WH-A,Laptop,Supplier-X,421.0,483,2026-01-23,4045.77
WH-B,Printer,Supplier-Y,285.0,350,2025-01-29,1584.57
WH-D,Laptop,Supplier-X,880.0,426,2024-09-08,1846.91
WH-A,Monitor,Supplier-Y,403.0,483,2025-10-14,916.55
WH-D,Mobile,Supplier-Y,776.0,416,2025-04-09,2218.88
WH-B,Tablet,Supplier-X,766.0,39,2025-11-06,3435.79
WH-A,Keyboard,Supplier-V,753.0,399,2025-07-18,3988.25
WH-A,Mouse,Supplier-W,296.0,61,2025-12-16,5127.8
WH-D,Monitor,Supplier-Z,164.0,283,2025-09-01,4353.56
WH-D,Mobile,Supplier-V,238.0,491,2026-05-01,3998.6
WH-E,Monitor,Supplier-X,944.0,124,2025-04-13,2066.97
WH-A,Laptop,Supplier-Z,926.0,314,2025-01-29,3270.59
WH-E,Laptop,Supplier-V,794.0,181,2025-05-21,5180.25
WH-E,Monitor,Supplier-V,890.0,158,2024-11-19,5092.82
WH-A,Mobile,Supplier-V,112.0,56,2025-08-03,2277.35
WH-E,Monitor,Supplier-W,915.0,240,2025-10-27,4987.94
WH-C,Mobile,Supplier-Z,744.0,290,2026-06-22,3275.84
WH-C,Keyboard,Supplier-X,485.0,261,2026-04-02,4663.52
WH-A,Tablet,Supplier-X,303.0,230,2025-06-21,4158.56
WH-B,Keyboard,Supplier-Z,693.0,259,2025-06-15,3397.2
WH-C,Keyboard,Supplier-W,70.0,242,2024-10-27,2218.82
WH-B,Laptop,Supplier-Y,848.0,144,2025-05-22,2280.67
WH-B,Laptop,Supplier-Z,555.0,273,2026-06-26,797.6
WH-D,Monitor,Supplier-Y,273.0,84,2025-12-03,4121.95
WH-A,Router,Supplier-X,856.0,338,2024-11-26,4194.03
WH-C,Monitor,Supplier-X,763.0,32,2025-04-01,1011.59
WH-D,Keyboard,Supplier-V,712.0,12,2025-10-08,2452.85
WH-C,Router,Supplier-Y,919.0,77,2024-10-21,3241.58
WH-E,Tablet,Supplier-Y,374.0,282,2024-10-21,1123.26
WH-B,Tablet,Supplier-W,778.0,400,2025-01-01,1596.4
WH-B,Keyboard,Supplier-V,338.0,384,2025-11-27,1974.28
WH-A,Keyboard,Supplier-Z,733.0,336,2025-09-22,3054.87
WH-C,Router,Supplier-Y,745.0,290,2024-07-18,3403.66
WH-B,Router,Supplier-W,847.0,61,2025-12-30,4743.33
WH-C,Laptop,Supplier-W,727.0,68,2024-07-15,3227.72
WH-D,Laptop,Supplier-W,287.0,300,2026-04-15,2763.93
WH-E,Laptop,Supplier-X,554.0,381,2025-06-18,4770.74
WH-A,Mobile,Supplier-V,362.0,117,2025-01-22,4813.37
WH-B,Keyboard,,,241,2024-07-11,
WH-C,Router,Supplier-W,681.0,232,2026-02-04,1035.55
WH-C,Printer,Supplier-Z,433.0,449,2024-11-09,2104.87
WH-B,Router,Supplier-W,196.0,186,2025-11-16,1320.17
WH-C,Tablet,Supplier-Y,689.0,276,2025-05-18,4430.72
WH-B,Mouse,Supplier-X,354.0,3,2026-01-12,3933.84
WH-C,Mobile,Supplier-X,98.0,390,2025-03-13,4089.16
WH-B,Monitor,Supplier-V,721.0,58,2025-02-07,5020.55
WH-E,Mobile,Supplier-Y,773.0,45,2025-03-21,2473.93
WH-C,Tablet,Supplier-V,460.0,361,2026-05-17,2448.89
WH-B,Mouse,Supplier-W,822.0,165,2025-09-11,5122.45
WH-B,Keyboard,Supplier-Y,335.0,209,2024-11-19,3489.59
WH-D,Tablet,Supplier-Y,745.0,488,2024-12-19,4630.25
WH-D,Laptop,Supplier-V,448.0,431,2025-03-10,4510.33
WH-A,Laptop,Supplier-Z,529.0,477,2024-11-21,843.27
WH-C,Mouse,Supplier-X,107.0,309,2024-08-15,3055.14
WH-C,Laptop,Supplier-W,383.0,150,2025-03-28,4370.39
WH-D,Tablet,Supplier-Y,356.0,378,2024-08-08,2264.24
WH-C,Laptop,Supplier-X,111.0,382,2025-01-07,2863.96
WH-C,Monitor,Supplier-X,349.0,155,2024-07-25,4873.17
WH-E,Mobile,Supplier-W,776.0,360,2024-11-11,4807.62
WH-C,Mouse,Supplier-Y,359.0,46,2026-03-13,4095.56
WH-D,Mouse,Supplier-Z,528.0,288,2025-06-30,3871.56
WH-B,Router,Supplier-V,600.0,277,2024-10-30,2743.81
WH-A,Tablet,Supplier-X,373.0,85,2025-06-08,2747.12
WH-A,Router,Supplier-W,106.0,430,2025-06-08,4470.57
WH-E,Mouse,Supplier-V,47.0,466,2025-04-27,1207.29
WH-C,Mouse,Supplier-Z,94.0,491,2025-10-03,1356.74
WH-E,Tablet,Supplier-Y,677.0,294,2025-03-20,3716.25
WH-B,Tablet,Supplier-Z,573.0,375,2024-11-11,963.71
WH-A,Router,Supplier-Y,204.0,30,2025-09-01,2075.98
WH-B,Printer,Supplier-Y,493.0,121,2025-12-27,2788.49
WH-A,Router,Supplier-Z,114.0,419,2025-02-08,605.41
WH-C,Keyboard,Supplier-Z,492.0,294,2024-12-08,2884.73
WH-D,Printer,Supplier-V,412.0,404,2026-01-17,3309.8
WH-A,Monitor,Supplier-V,873.0,376,2025-02-10,4663.67
WH-B,Tablet,Supplier-W,57.0,180,2024-11-08,3189.1
WH-D,Router,Supplier-X,452.0,206,2024-07-12,1314.45
WH-A,Keyboard,Supplier-W,419.0,500,2025-04-03,3225.76
WH-E,Mobile,Supplier-X,975.0,428,2026-01-01,2476.27
WH-E,Laptop,Supplier-Y,612.0,493,2025-03-17,4571.15
WH-C,Printer,Supplier-Z,796.0,4,2024-11-24,5132.14
WH-A,Monitor,Supplier-W,49.0,277,2025-07-01,4878.71
WH-D,Router,Supplier-V,165.0,306,2025-12-26,3591.84
WH-D,Mouse,Supplier-V,672.0,285,2025-11-12,2888.9
WH-D,Router,Supplier-Y,103.0,202,2024-12-13,3708.55
WH-A,Router,Supplier-X,524.0,270,2026-01-29,4324.38
WH-B,Keyboard,Supplier-Z,981.0,174,2025-07-03,4260.35
WH-B,Printer,Supplier-Y,16.0,367,2025-02-15,4330.82
WH-E,Keyboard,Supplier-W,434.0,12,2024-07-11,4761.65
WH-A,Monitor,Supplier-V,616.0,149,2026-05-29,1226.81
WH-E,Mouse,Supplier-W,92.0,315,2025-03-11,2848.28
WH-D,Router,Supplier-X,819.0,92,2026-02-02,1953.11
WH-A,Mouse,Supplier-Y,830.0,312,2026-03-02,4436.62
WH-A,Router,Supplier-V,326.0,440,2026-05-19,4391.04
WH-B,Tablet,Supplier-X,111.0,413,2025-05-29,4696.0
WH-E,Laptop,Supplier-Y,131.0,264,2024-07-24,2713.72
WH-E,Mobile,Supplier-Y,732.0,299,2025-01-11,4848.74
WH-A,Mouse,Supplier-W,648.0,340,2026-03-29,4491.45
WH-C,Mobile,Supplier-X,557.0,500,2024-08-01,914.15
WH-E,Monitor,Supplier-V,940.0,14,2025-04-29,2288.6
WH-D,Monitor,Supplier-W,678.0,22,2024-12-15,3801.23
WH-A,Mobile,Supplier-Z,168.0,327,2026-04-22,3514.38
WH-D,Mobile,Supplier-Z,517.0,95,2024-12-26,2012.4
WH-A,Keyboard,Supplier-W,588.0,217,2025-10-06,1270.88
WH-B,Laptop,Supplier-V,163.0,139,2025-11-10,3523.43
WH-A,Keyboard,Supplier-Y,190.0,315,2024-09-25,2502.04
WH-B,Mouse,Supplier-V,908.0,89,2025-10-16,3074.98
WH-D,Tablet,Supplier-X,162.0,84,2026-05-07,3723.92
WH-E,Mobile,Supplier-V,591.0,398,2025-11-05,5182.49
WH-E,Monitor,Supplier-X,766.0,423,2025-06-19,5272.24
WH-D,Printer,Supplier-X,499.0,147,2026-06-18,4484.6
WH-C,Router,Supplier-X,826.0,166,2025-06-27,4658.42
WH-A,Mouse,Supplier-W,399.0,424,2025-12-24,1025.19
WH-B,Router,Supplier-V,309.0,463,2024-07-30,5143.58
WH-A,Printer,Supplier-Y,128.0,297,2026-02-14,777.47
WH-A,Monitor,Supplier-Z,629.0,406,2026-04-03,2740.12
WH-D,Router,Supplier-Z,433.0,95,2024-07-26,4600.5
WH-B,Mouse,Supplier-V,543.0,134,2025-08-31,2804.57
WH-D,Laptop,Supplier-V,870.0,239,2025-06-13,3578.98
WH-C,Mobile,Supplier-Z,464.0,333,2025-09-10,1227.23
WH-D,Tablet,Supplier-W,144.0,15,2024-08-05,3870.15
WH-D,Printer,Supplier-Y,705.0,67,2025-10-25,2807.27
WH-B,Printer,Supplier-Y,712.0,393,2025-01-21,2511.03
WH-C,Tablet,Supplier-V,320.0,89,2024-10-24,1828.11
WH-C,Mouse,Supplier-Y,801.0,40,2026-05-17,2505.41
WH-E,Router,Supplier-W,797.0,175,2026-04-20,2215.37
WH-D,Tablet,Supplier-Z,591.0,265,2025-03-09,4464.13
WH-C,Tablet,Supplier-X,619.0,34,2025-05-03,4936.87
WH-E,Mobile,Supplier-Y,754.0,380,2024-11-30,1736.36
WH-E,Printer,Supplier-V,919.0,288,2025-06-04,3422.51
WH-D,Mouse,Supplier-X,991.0,234,2025-08-05,1477.52
WH-C,Mouse,Supplier-W,849.0,500,2025-05-08,1122.29
WH-C,Printer,Supplier-W,692.0,297,2026-01-28,4867.96
WH-A,Keyboard,Supplier-Y,311.0,75,2025-12-25,4334.97
WH-C,Monitor,Supplier-Y,457.0,41,2025-02-24,4439.01
WH-B,Mouse,Supplier-Z,37.0,235,2024-08-07,2929.37
WH-D,Mobile,Supplier-V,691.0,38,2026-02-14,5049.92
WH-A,Tablet,Supplier-Y,396.0,489,2025-05-10,3955.78
WH-D,Keyboard,Supplier-V,195.0,70,2024-11-06,942.42
WH-A,Router,Supplier-X,41.0,108,2024-09-10,4918.92
WH-A,Mouse,Supplier-V,416.0,29,2024-07-24,2703.91
WH-E,Monitor,,,299,2025-11-11,
WH-D,Router,Supplier-Y,851.0,176,2025-12-21,1494.73
WH-A,Router,Supplier-Z,194.0,156,2026-01-01,3529.3
WH-E,Keyboard,Supplier-V,774.0,409,2025-05-28,4596.85
WH-D,Mobile,Supplier-W,767.0,348,2025-03-07,4438.57
WH-C,Tablet,Supplier-Y,268.0,49,2025-11-15,2149.55
WH-D,Tablet,Supplier-X,516.0,78,2025-02-07,3680.03
WH-E,Printer,Supplier-Z,905.0,329,2025-02-02,4094.03
WH-D,Monitor,,,368,2025-02-02,
WH-A,Mobile,Supplier-Y,691.0,134,2024-11-30,4965.86
WH-C,Monitor,Supplier-Z,803.0,149,2025-03-02,4000.54
WH-B,Tablet,Supplier-X,183.0,57,2024-10-03,983.96
WH-E,Laptop,Supplier-W,830.0,143,2024-10-09,3914.09
WH-D,Mobile,Supplier-X,920.0,484,2024-07-30,2976.36
WH-C,Monitor,,,342,2024-09-23,
WH-B,Tablet,Supplier-Z,60.0,336,2025-03-16,2108.76
WH-B,Laptop,Supplier-Z,454.0,435,2025-07-31,880.07
WH-A,Monitor,Supplier-X,926.0,261,2026-02-22,5036.25
WH-B,Mobile,Supplier-Y,312.0,110,2025-10-09,2305.86
WH-C,Monitor,Supplier-V,425.0,187,2024-10-31,3624.75
WH-C,Mouse,Supplier-X,757.0,308,2025-06-24,3681.28
WH-E,Keyboard,Supplier-Y,508.0,38,2025-01-27,3116.1
WH-B,Mouse,Supplier-X,359.0,220,2026-01-25,4335.49
WH-C,Monitor,Supplier-Y,495.0,3,2025-12-01,4774.77
WH-A,Monitor,Supplier-Y,257.0,356,2026-05-02,867.89
WH-C,Laptop,Supplier-V,319.0,283,2024-11-04,2355.36
WH-E,Tablet,Supplier-Y,523.0,403,2024-08-18,3263.38
WH-D,Router,Supplier-V,577.0,482,2025-04-14,1002.66
WH-A,Laptop,Supplier-Y,78.0,197,2024-07-08,3642.9
WH-D,Tablet,Supplier-W,283.0,386,2024-12-14,4369.87
WH-C,Tablet,Supplier-W,90.0,46,2025-08-01,3995.36
WH-C,Tablet,Supplier-Z,171.0,361,2026-05-16,2843.92
WH-C,Monitor,Supplier-X,461.0,132,2025-04-10,4359.43
WH-D,Monitor,Supplier-V,168.0,156,2025-06-06,3606.37
WH-D,Monitor,Supplier-X,280.0,384,2025-07-01,3968.62
WH-C,Tablet,Supplier-Y,949.0,23,2025-08-09,2323.57
WH-A,Keyboard,,,219,2026-03-02,
WH-B,Mouse,Supplier-Y,238.0,214,2026-02-13,2020.29
WH-B,Keyboard,Supplier-X,41.0,443,2024-09-21,4493.29
WH-B,Router,Supplier-V,945.0,419,2026-03-16,1877.65
WH-A,Mobile,Supplier-Y,438.0,66,2026-05-16,4596.69
WH-E,Tablet,Supplier-Y,791.0,69,2025-03-23,1449.84
WH-D,Mobile,Supplier-X,170.0,176,2024-12-09,3164.73
WH-E,Keyboard,Supplier-Y,217.0,3,2025-11-11,2874.75
WH-D,Monitor,Supplier-W,853.0,491,2026-05-08,2240.47
WH-B,Laptop,Supplier-V,560.0,175,2025-09-23,2664.98
WH-D,Printer,Supplier-V,240.0,469,2024-12-11,1767.52
WH-D,Laptop,Supplier-X,856.0,481,2024-07-16,1440.2
WH-D,Mobile,Supplier-W,903.0,19,2025-04-12,4511.87
WH-B,Printer,Supplier-Y,53.0,329,2026-02-20,3450.53
WH-A,Printer,Supplier-Y,488.0,223,2026-02-22,4227.95
WH-C,Tablet,Supplier-V,816.0,147,2024-10-04,2486.51
WH-C,Router,Supplier-V,864.0,498,2025-06-08,1831.16
WH-E,Keyboard,Supplier-W,99.0,330,2025-12-08,628.8
WH-B,Mobile,Supplier-W,780.0,49,2025-11-25,3044.4
WH-C,Tablet,Supplier-W,793.0,424,2025-10-22,2400.02
WH-C,Tablet,Supplier-Z,886.0,177,2024-10-17,1134.74
WH-A,Tablet,Supplier-Y,28.0,158,2026-04-10,3962.18
WH-E,Mouse,Supplier-X,916.0,351,2024-07-27,2476.27
WH-E,Mouse,Supplier-V,422.0,51,2024-10-18,2878.04
WH-D,Monitor,Supplier-V,406.0,13,2025-08-08,2500.51
WH-D,Keyboard,Supplier-V,692.0,496,2025-01-18,4928.56
WH-A,Tablet,Supplier-Y,356.0,200,2025-02-06,3939.72
WH-A,Mouse,Supplier-W,551.0,248,2024-10-20,4550.78
WH-C,Tablet,Supplier-V,700.0,138,2024-11-20,1610.8
WH-C,Mouse,Supplier-Y,241.0,246,2024-07-12,3963.49
WH-A,Keyboard,Supplier-Y,719.0,40,2024-11-12,3568.5
WH-E,Printer,Supplier-Y,288.0,282,2025-12-09,738.69
WH-A,Keyboard,Supplier-Z,226.0,302,2025-10-14,4103.5
WH-A,Keyboard,Supplier-W,122.0,263,2024-10-02,2052.34
WH-E,Keyboard,Supplier-Y,13.0,392,2026-03-22,4262.63
WH-D,Mobile,Supplier-Y,855.0,180,2025-11-28,1517.1
WH-B,Mouse,Supplier-V,58.0,438,2024-07-24,4424.41
WH-E,Monitor,Supplier-Z,340.0,488,2025-11-19,1539.93
WH-B,Router,Supplier-Z,20.0,296,2024-07-21,4573.24
WH-A,Monitor,Supplier-V,326.0,233,2025-01-31,4728.23
WH-E,Mobile,Supplier-W,50.0,230,2026-03-23,2960.4
WH-C,Router,Supplier-W,967.0,33,2026-04-29,5276.84
WH-D,Mobile,Supplier-Y,76.0,233,2025-02-17,1681.32
WH-B,Monitor,Supplier-X,469.0,212,2025-06-21,3564.13
WH-D,Tablet,Supplier-Y,494.0,131,2026-02-24,2584.33
WH-C,Tablet,Supplier-V,357.0,5,2025-05-21,801.2
WH-B,Router,Supplier-W,537.0,100,2024-10-15,2025.36
WH-A,Tablet,Supplier-Z,473.0,148,2026-02-27,4000.42
WH-D,Mouse,Supplier-X,158.0,342,2025-06-05,4106.53
WH-B,Keyboard,Supplier-Z,964.0,365,2025-10-20,1103.63
WH-E,Laptop,Supplier-Y,576.0,321,2025-08-14,4958.51
WH-E,Monitor,Supplier-X,548.0,390,2024-08-21,4350.88
WH-D,Keyboard,Supplier-Z,321.0,253,2024-07-26,4157.35
WH-A,Mobile,Supplier-Y,181.0,376,2026-04-02,2650.54
WH-D,Printer,Supplier-W,898.0,193,2026-01-03,4497.37
WH-E,Tablet,Supplier-W,767.0,63,2025-05-24,4198.7
WH-A,Keyboard,Supplier-X,792.0,355,2025-08-20,2028.33
WH-E,Printer,Supplier-X,963.0,27,2026-04-12,3222.63
WH-C,Keyboard,Supplier-X,159.0,452,2026-04-05,2135.16
WH-B,Printer,Supplier-Z,751.0,381,2025-09-18,1266.43
WH-B,Monitor,Supplier-V,895.0,228,2026-06-22,4854.88
WH-A,Keyboard,Supplier-V,441.0,255,2026-04-01,3660.79
WH-D,Keyboard,Supplier-V,810.0,91,2026-03-05,2321.98
WH-D,Mouse,Supplier-X,526.0,204,2026-07-03,4103.93
WH-C,Mouse,Supplier-Y,383.0,272,2025-07-26,3168.72
WH-C,Mouse,Supplier-V,803.0,218,2026-04-23,3360.73
WH-A,Keyboard,Supplier-W,360.0,210,2024-10-24,1726.19
WH-A,Keyboard,Supplier-X,620.0,439,2025-10-11,1991.04
WH-E,Router,Supplier-Y,360.0,384,2025-06-30,4375.26
WH-E,Mobile,Supplier-Y,551.0,327,2024-12-06,2904.89
WH-A,Mouse,Supplier-X,273.0,387,2025-12-21,1054.45
WH-D,Router,Supplier-Z,548.0,150,2025-12-26,2242.63
WH-E,Printer,Supplier-Z,571.0,121,2025-04-18,3542.72
WH-E,Monitor,Supplier-W,254.0,237,2025-07-18,4558.61
WH-B,Router,Supplier-Y,690.0,237,2024-10-14,3998.45
WH-B,Monitor,Supplier-Y,576.0,311,2026-05-20,3622.22
WH-A,Keyboard,Supplier-X,370.0,262,2024-08-31,4070.33
WH-D,Router,,,40,2026-02-05,
WH-B,Printer,Supplier-Y,771.0,106,2025-08-21,3249.88
WH-C,Mobile,Supplier-V,178.0,57,2026-04-01,4791.21
WH-C,Mouse,Supplier-X,203.0,198,2025-05-13,3017.1
WH-D,Monitor,Supplier-Z,120.0,297,2024-10-28,948.93
WH-D,Tablet,Supplier-X,467.0,192,2025-01-08,4853.15
WH-D,Printer,Supplier-V,919.0,139,2026-06-07,4945.11
WH-D,Monitor,Supplier-Y,966.0,454,2025-12-03,3864.15
WH-C,Mouse,Supplier-Z,34.0,477,2026-05-10,4000.24
WH-A,Router,Supplier-Y,712.0,288,2025-02-01,2910.93
WH-B,Printer,,,151,2025-07-19,
WH-E,Mouse,Supplier-Y,646.0,113,2025-02-09,3881.82
WH-C,Router,Supplier-Z,95.0,54,2025-05-21,1175.05
WH-C,Keyboard,Supplier-W,581.0,55,2025-05-13,1203.7
WH-B,Tablet,Supplier-Z,904.0,233,2025-05-22,2581.08
WH-C,Mobile,Supplier-Z,981.0,452,2025-01-06,1952.39
WH-E,Mobile,Supplier-Y,944.0,36,2026-03-08,3443.46
WH-E,Laptop,Supplier-X,132.0,477,2025-04-10,1315.84
WH-A,Keyboard,Supplier-Z,469.0,399,2025-09-21,1945.46
WH-C,Printer,Supplier-X,481.0,32,2024-08-14,4259.47
WH-C,Mobile,Supplier-X,748.0,72,2025-02-26,2183.06
WH-B,Laptop,Supplier-Z,450.0,428,2025-07-07,5157.3
WH-E,Tablet,Supplier-X,926.0,411,2025-12-23,2125.65
WH-E,Mobile,Supplier-Z,938.0,251,2026-03-08,3883.37
WH-E,Mouse,Supplier-Y,730.0,40,2026-01-29,1602.31
WH-C,Router,Supplier-X,920.0,190,2024-07-14,2613.01
WH-D,Mouse,Supplier-V,416.0,435,2025-08-31,1620.61
WH-D,Keyboard,Supplier-X,167.0,98,2024-08-31,2034.83
WH-C,Mouse,Supplier-W,43.0,32,2025-09-18,4860.81
WH-C,Router,Supplier-Z,697.0,43,2026-01-09,4166.23
WH-B,Router,Supplier-Z,511.0,31,2026-02-17,4659.89
WH-C,Mouse,Supplier-V,276.0,424,2024-12-07,1860.85
WH-E,Keyboard,Supplier-W,19.0,206,2025-08-30,2555.6
WH-B,Printer,Supplier-Y,275.0,364,2026-01-21,2764.07
WH-C,Monitor,,,320,2025-05-28,
WH-C,Laptop,Supplier-Y,153.0,425,2026-01-16,4779.89
WH-A,Mouse,Supplier-Y,153.0,77,2024-08-28,2090.29
WH-A,Mobile,Supplier-V,104.0,367,2024-09-28,3170.12
WH-D,Laptop,Supplier-Y,398.0,16,2025-07-07,3755.36
WH-B,Laptop,Supplier-W,403.0,382,2025-02-07,1310.93
WH-E,Printer,Supplier-Z,943.0,244,2025-09-15,1055.92
WH-B,Laptop,Supplier-Z,535.0,372,2025-08-01,4396.43
WH-C,Printer,Supplier-Z,959.0,26,2024-07-09,5106.85
WH-A,Monitor,Supplier-X,72.0,328,2026-04-23,1529.08
WH-C,Router,Supplier-Z,473.0,109,2025-10-16,4735.66
WH-B,Tablet,Supplier-Z,411.0,316,2025-09-15,3736.68
WH-D,Tablet,Supplier-Z,751.0,23,2025-09-06,2051.14
WH-B,Mouse,Supplier-X,740.0,58,2026-02-28,951.71
WH-A,Router,Supplier-Z,231.0,365,2026-03-25,980.62
WH-D,Mobile,Supplier-Z,371.0,456,2025-08-01,3114.56
WH-D,Keyboard,Supplier-Z,127.0,148,2026-03-15,4837.52
WH-E,Keyboard,Supplier-X,627.0,231,2024-09-17,1977.26
WH-E,Router,,,382,2026-04-04,
WH-B,Printer,Supplier-Z,297.0,104,2025-05-24,4404.81
WH-A,Monitor,Supplier-Z,323.0,276,2025-01-08,2421.75
WH-E,Keyboard,Supplier-Y,576.0,330,2024-10-25,5261.95
WH-E,Keyboard,Supplier-X,913.0,430,2024-09-14,3524.66
WH-C,Router,Supplier-W,129.0,118,2025-04-28,1583.39
WH-A,Router,Supplier-V,527.0,283,2024-11-01,1849.96
WH-D,Mouse,Supplier-X,64.0,65,2024-08-11,2810.76
WH-A,Laptop,Supplier-Z,448.0,339,2024-08-10,5212.69
WH-A,Tablet,Supplier-Y,920.0,105,2025-09-27,4892.32
WH-B,Router,Supplier-V,556.0,195,2026-02-16,3870.75
WH-D,Laptop,Supplier-Z,48.0,286,2024-08-15,859.1
WH-B,Mobile,Supplier-Z,33.0,132,2025-03-05,4870.3
WH-A,Router,Supplier-X,293.0,176,2026-05-14,4343.1
WH-A,Printer,Supplier-Z,815.0,258,2024-10-07,2005.42
WH-D,Tablet,Supplier-X,79.0,450,2025-12-11,2854.0
WH-B,Printer,Supplier-Y,587.0,75,2026-01-30,1037.84
WH-B,Printer,Supplier-Y,762.0,108,2026-03-11,3687.54
WH-C,Monitor,Supplier-V,848.0,365,2024-07-24,1750.79
WH-E,Laptop,Supplier-V,949.0,266,2026-03-05,1784.88
WH-E,Tablet,Supplier-X,193.0,45,2025-11-17,3628.47
WH-B,Printer,Supplier-Y,528.0,329,2025-10-09,4549.6
WH-B,Keyboard,Supplier-X,919.0,452,2026-03-16,2502.95
WH-C,Laptop,Supplier-V,246.0,349,2026-04-10,2994.2
WH-A,Mouse,Supplier-Y,639.0,339,2025-12-18,2259.21
WH-D,Keyboard,Supplier-X,592.0,419,2025-05-11,3954.9
WH-C,Keyboard,Supplier-Z,184.0,288,2025-09-04,2345.74
WH-B,Laptop,Supplier-W,363.0,188,2025-08-09,4894.43
WH-A,Router,Supplier-W,958.0,466,2024-10-21,5332.23
WH-C,Keyboard,Supplier-Y,40.0,417,2024-09-13,3772.57
WH-C,Printer,Supplier-X,551.0,469,2025-07-03,1700.52
WH-B,Tablet,Supplier-Y,207.0,302,2026-02-21,3784.02
WH-A,Keyboard,Supplier-V,302.0,393,2025-09-23,2946.38
WH-D,Mouse,Supplier-Y,595.0,476,2024-11-19,3901.77
WH-C,Monitor,Supplier-W,297.0,454,2024-12-24,2137.34
WH-B,Monitor,Supplier-Z,598.0,143,2026-05-10,4881.38
WH-C,Monitor,Supplier-Z,111.0,49,2024-09-02,2070.31
WH-B,Mobile,Supplier-V,359.0,25,2025-09-22,4185.73
WH-E,Laptop,Supplier-Y,78.0,492,2024-09-09,1423.6
WH-B,Tablet,Supplier-X,947.0,167,2025-12-13,1719.09
WH-A,Mobile,Supplier-W,9.0,286,2026-06-01,1564.52
WH-E,Tablet,Supplier-X,788.0,302,2024-09-25,4918.03
WH-A,Router,Supplier-V,270.0,12,2025-02-17,1472.51
WH-E,Printer,Supplier-W,906.0,270,2026-01-01,1305.13
WH-C,Printer,Supplier-Y,843.0,273,2025-03-24,3138.59
WH-A,Mouse,Supplier-V,478.0,499,2024-08-17,2669.68
WH-E,Laptop,Supplier-W,651.0,294,2025-08-15,4211.76
WH-E,Laptop,Supplier-Y,8.0,430,2024-07-06,2650.16
WH-A,Tablet,Supplier-Z,985.0,208,2025-01-21,1432.69
WH-A,Mobile,Supplier-Y,49.0,326,2025-04-13,1110.4
WH-B,Router,Supplier-X,466.0,189,2025-12-01,834.98
WH-A,Router,Supplier-V,913.0,450,2025-10-08,2884.03
WH-D,Mouse,Supplier-V,946.0,248,2025-03-21,3719.62
WH-D,Mobile,Supplier-W,272.0,296,2025-08-12,1671.31
WH-E,Tablet,Supplier-Z,554.0,313,2026-03-29,1054.61
WH-A,Router,Supplier-V,344.0,185,2025-09-17,1026.04
WH-E,Router,Supplier-W,828.0,457,2024-12-27,1690.42
WH-B,Mouse,Supplier-X,259.0,361,2025-03-01,2068.34
WH-C,Keyboard,Supplier-Y,24.0,367,2025-01-09,2500.8
WH-E,Router,,,278,2025-09-22,
WH-A,Mobile,Supplier-V,408.0,90,2025-01-04,2294.9
WH-C,Mobile,Supplier-Y,591.0,421,2025-11-05,3893.29
WH-D,Laptop,,,116,2025-05-01,
WH-C,Laptop,Supplier-Z,708.0,401,2024-10-12,1574.48
WH-E,Tablet,Supplier-X,304.0,292,2026-02-24,4166.69
WH-C,Mobile,Supplier-Z,105.0,375,2025-09-12,774.24
WH-A,Router,Supplier-W,246.0,468,2025-07-29,4651.9
WH-C,Monitor,Supplier-W,698.0,77,2026-06-29,2291.17
WH-A,Keyboard,Supplier-V,880.0,410,2026-06-24,4717.22
WH-A,Router,Supplier-Y,782.0,79,2026-02-17,3925.78
WH-E,Mouse,Supplier-W,277.0,240,2025-12-15,1192.26
WH-B,Keyboard,Supplier-X,711.0,468,2025-06-01,1110.31
WH-D,Monitor,Supplier-Z,451.0,470,2026-02-28,3866.88
WH-C,Tablet,Supplier-W,355.0,14,2026-04-30,1129.24
WH-C,Router,Supplier-X,684.0,48,2024-12-01,3626.67
WH-B,Monitor,Supplier-X,553.0,202,2024-07-03,2531.67
WH-E,Router,Supplier-X,103.0,61,2025-12-27,1662.52
WH-B,Printer,Supplier-Y,963.0,276,2025-02-11,2519.34
WH-E,Mouse,Supplier-Y,807.0,110,2025-06-29,5342.76
WH-E,Router,Supplier-X,367.0,239,2024-08-18,1962.57
WH-B,Monitor,Supplier-W,812.0,71,2026-02-04,4144.57
WH-E,Mobile,Supplier-X,795.0,327,2025-07-07,3547.97
WH-C,Laptop,Supplier-V,903.0,476,2024-09-29,2047.68
WH-A,Tablet,,,16,2025-07-11,
WH-A,Tablet,Supplier-W,356.0,40,2024-09-12,3068.66
WH-C,Mobile,Supplier-X,815.0,430,2026-03-15,2602.9
WH-C,Monitor,Supplier-V,306.0,199,2025-05-26,743.4
WH-A,Monitor,Supplier-Y,788.0,30,2026-01-23,3063.64
WH-C,Printer,Supplier-X,820.0,274,2025-11-29,1153.85
WH-D,Mobile,Supplier-Z,875.0,379,2025-09-06,2843.62
WH-C,Tablet,Supplier-V,76.0,264,2025-11-23,4736.97
WH-E,Printer,Supplier-X,349.0,54,2025-10-30,4103.26
WH-E,Printer,Supplier-Z,902.0,254,2025-01-04,4635.42
WH-B,Printer,Supplier-X,599.0,34,2025-04-16,1610.06
WH-D,Monitor,Supplier-V,822.0,155,2025-04-18,2316.72
WH-A,Laptop,Supplier-X,653.0,220,2026-03-16,4267.66
WH-E,Laptop,Supplier-X,425.0,273,2025-09-16,4759.0
WH-A,Mobile,Supplier-Y,21.0,255,2025-12-22,4751.59
WH-C,Mobile,Supplier-X,654.0,499,2026-03-17,2478.97
WH-D,Monitor,Supplier-V,721.0,416,2024-12-16,1970.06
WH-C,Keyboard,Supplier-Z,719.0,166,2025-02-16,3537.55
WH-E,Keyboard,Supplier-W,431.0,81,2025-08-20,1686.6
WH-B,Monitor,Supplier-Y,268.0,112,2025-03-08,919.2
WH-E,Router,Supplier-Z,959.0,241,2025-01-14,5069.59
WH-D,Mouse,Supplier-X,554.0,297,2025-07-16,1759.63
WH-D,Printer,Supplier-Y,711.0,153,2026-03-27,5187.14
WH-C,Tablet,Supplier-Z,105.0,392,2024-09-24,1456.87
WH-A,Mouse,Supplier-Y,774.0,464,2025-01-03,2087.07
WH-A,Printer,Supplier-V,221.0,129,2025-11-05,3334.92
WH-D,Tablet,Supplier-Z,877.0,292,2025-09-02,2751.02
WH-B,Printer,Supplier-Z,110.0,47,2025-09-08,1169.65
WH-A,Keyboard,Supplier-Z,815.0,477,2025-01-16,944.14
WH-E,Keyboard,Supplier-W,637.0,349,2025-03-08,4461.94
WH-A,Printer,Supplier-W,869.0,294,2026-02-27,1362.76
WH-B,Mobile,Supplier-Y,668.0,52,2026-03-27,3428.02
WH-D,Monitor,Supplier-X,172.0,57,2025-08-04,1381.05
WH-E,Tablet,Supplier-W,590.0,416,2025-11-14,1973.8
WH-E,Tablet,Supplier-X,888.0,192,2025-03-03,3593.9
WH-E,Printer,Supplier-Y,467.0,18,2025-02-10,1648.86
WH-D,Tablet,Supplier-Z,985.0,93,2024-09-22,1974.58
WH-E,Router,Supplier-Z,217.0,219,2026-04-11,1549.57
WH-E,Tablet,Supplier-V,732.0,224,2025-12-29,3572.78
WH-C,Tablet,Supplier-X,344.0,18,2026-06-28,1913.51
WH-B,Monitor,Supplier-X,858.0,421,2024-10-27,5154.94
WH-D,Mouse,Supplier-V,964.0,203,2024-07-28,1807.72
WH-E,Router,Supplier-Y,485.0,294,2024-09-30,2099.89
WH-A,Router,Supplier-X,811.0,398,2024-08-31,3987.11
WH-E,Keyboard,Supplier-Z,13.0,109,2024-09-07,3850.73
WH-A,Mouse,Supplier-W,326.0,289,2025-06-17,3003.79
WH-D,Mobile,Supplier-X,24.0,478,2024-10-18,581.78
WH-A,Router,Supplier-X,449.0,337,2025-12-22,1346.44
WH-D,Keyboard,Supplier-W,702.0,374,2026-01-30,4441.6
WH-C,Tablet,Supplier-V,818.0,394,2026-06-02,4114.82
WH-C,Mobile,,,73,2025-03-16,
WH-D,Tablet,Supplier-Y,360.0,91,2026-05-29,2945.57
WH-A,Laptop,Supplier-V,354.0,29,2026-02-09,3174.26
WH-C,Keyboard,Supplier-V,24.0,157,2025-01-27,1667.84
WH-D,Keyboard,Supplier-V,619.0,21,2024-10-22,4502.16
WH-A,Tablet,Supplier-Z,27.0,455,2024-09-24,555.87
WH-D,Monitor,Supplier-Z,315.0,225,2025-03-29,4295.54
WH-A,Mobile,Supplier-V,83.0,426,2025-03-14,4816.25
WH-E,Laptop,Supplier-W,224.0,123,2025-07-02,4493.1
WH-E,Router,Supplier-W,402.0,395,2026-06-07,4831.22
WH-A,Laptop,Supplier-X,375.0,101,2026-03-09,1611.31
WH-D,Mobile,Supplier-V,221.0,175,2025-04-19,4515.16
WH-C,Laptop,Supplier-W,608.0,52,2025-12-24,2557.66
WH-B,Keyboard,Supplier-X,542.0,221,2025-09-29,2878.59
WH-B,Printer,Supplier-W,801.0,244,2025-06-14,984.08
WH-E,Monitor,Supplier-W,802.0,51,2025-11-13,4878.64
WH-C,Mobile,Supplier-X,828.0,306,2026-02-22,2191.02
WH-D,Tablet,Supplier-Z,809.0,106,2026-04-05,5174.6
WH-E,Monitor,Supplier-Z,72.0,110,2025-11-05,1157.16
WH-C,Mobile,Supplier-Z,762.0,323,2026-06-17,4595.86
WH-C,Mobile,Supplier-Z,562.0,183,2026-06-08,4849.42
WH-B,Router,Supplier-Y,208.0,72,2024-08-19,2866.78
WH-E,Mobile,Supplier-X,378.0,275,2025-03-16,4715.31
WH-B,Tablet,Supplier-V,314.0,44,2024-12-11,4794.27
WH-E,Router,Supplier-V,733.0,156,2025-09-17,894.42
WH-E,Tablet,Supplier-W,268.0,360,2024-08-19,4763.83
WH-D,Printer,Supplier-V,735.0,130,2024-12-26,1668.77
WH-B,Tablet,Supplier-Z,507.0,446,2025-02-24,4669.86
WH-A,Mouse,Supplier-Z,663.0,137,2025-04-08,4564.19
WH-B,Mobile,Supplier-Z,180.0,210,2026-06-21,2853.84
WH-A,Keyboard,Supplier-W,765.0,341,2024-07-20,3089.29
WH-C,Mobile,Supplier-W,239.0,55,2026-05-31,3331.83
WH-C,Keyboard,Supplier-Z,695.0,301,2025-01-12,1186.81
WH-A,Monitor,Supplier-Z,879.0,266,2024-07-16,5064.59
WH-C,Keyboard,Supplier-Y,131.0,465,2024-08-02,1898.86
WH-C,Keyboard,Supplier-Z,178.0,88,2024-09-22,1438.64
WH-E,Tablet,Supplier-X,393.0,197,2025-03-10,3081.21
WH-D,Laptop,Supplier-X,302.0,465,2025-04-04,3570.51
WH-B,Keyboard,Supplier-Y,644.0,166,2026-06-13,4582.28
WH-E,Printer,Supplier-X,138.0,188,2025-04-26,4722.76
WH-B,Tablet,Supplier-W,171.0,263,2024-07-19,3495.07
WH-A,Keyboard,Supplier-X,102.0,323,2024-10-23,639.32
WH-B,Mobile,Supplier-Z,383.0,171,2024-11-05,2578.53
WH-D,Keyboard,Supplier-Z,63.0,39,2025-01-31,772.19
WH-D,Monitor,Supplier-X,256.0,492,2025-03-10,943.37
WH-B,Mouse,Supplier-Z,43.0,112,2024-12-19,4030.01
WH-B,Printer,Supplier-Y,416.0,316,2024-11-13,998.44
WH-A,Tablet,Supplier-V,423.0,455,2025-02-24,2717.64
WH-B,Mouse,,,495,2024-10-19,
WH-A,Monitor,Supplier-Z,734.0,317,2025-05-09,1504.38
WH-B,Laptop,Supplier-Z,36.0,203,2024-08-28,5004.3
WH-D,Printer,Supplier-Y,911.0,467,2025-12-19,1005.95
WH-C,Tablet,Supplier-V,601.0,290,2026-02-23,3760.28
WH-A,Mouse,Supplier-X,951.0,341,2025-08-10,3531.38
WH-E,Printer,Supplier-X,466.0,302,2026-04-25,2474.11
WH-D,Printer,Supplier-Z,654.0,336,2025-10-09,3276.86
WH-D,Mobile,Supplier-W,287.0,166,2024-07-27,2741.67
WH-C,Tablet,Supplier-W,228.0,375,2026-05-06,801.66
WH-A,Monitor,Supplier-Z,519.0,397,2026-05-17,4896.4
WH-A,Printer,Supplier-Y,61.0,132,2024-10-11,4207.94
WH-A,Mobile,Supplier-Y,292.0,492,2026-06-13,3421.17
WH-A,Mobile,Supplier-W,325.0,21,2025-11-24,4608.37
WH-D,Laptop,Supplier-Y,922.0,35,2025-03-01,2935.31
WH-C,Tablet,Supplier-Z,221.0,430,2026-06-27,3584.82
WH-C,Tablet,Supplier-Y,300.0,48,2026-01-14,3968.49
WH-B,Monitor,Supplier-Y,829.0,361,2025-10-30,4257.77
WH-E,Mouse,Supplier-Y,77.0,70,2024-10-19,607.63
WH-A,Router,Supplier-X,664.0,40,2025-05-20,3999.14
WH-B,Monitor,Supplier-Y,984.0,41,2026-01-30,2453.23
WH-C,Laptop,Supplier-W,432.0,499,2025-04-27,1670.2
WH-D,Keyboard,Supplier-V,146.0,219,2025-03-10,817.89
WH-B,Router,Supplier-V,308.0,230,2024-09-09,4692.61
WH-E,Monitor,,,368,2026-06-22,
WH-C,Laptop,Supplier-X,703.0,81,2025-11-04,2266.0
WH-B,Monitor,Supplier-Y,211.0,104,2025-07-25,2718.24
WH-C,Tablet,Supplier-X,769.0,262,2025-09-21,1843.08
WH-D,Laptop,Supplier-V,323.0,487,2025-03-30,2095.16
WH-C,Tablet,Supplier-X,783.0,328,2024-08-23,3142.45
WH-C,Tablet,Supplier-Z,373.0,64,2026-05-21,1610.64
WH-A,Printer,Supplier-V,647.0,24,2025-09-17,5296.7
WH-C,Keyboard,Supplier-Y,551.0,320,2025-01-07,3495.97
WH-E,Monitor,Supplier-Z,829.0,30,2026-06-01,2948.77
WH-A,Printer,Supplier-Z,61.0,246,2024-12-24,4179.7
WH-E,Laptop,Supplier-Z,671.0,479,2025-12-22,4954.45
WH-D,Printer,Supplier-X,670.0,267,2026-06-14,1070.96
WH-A,Monitor,Supplier-V,498.0,179,2026-03-12,3230.93
WH-B,Tablet,Supplier-W,510.0,69,2024-07-28,4117.84
WH-B,Printer,Supplier-Z,921.0,234,2025-02-14,2458.31
WH-D,Router,,,124,2026-02-19,
WH-D,Printer,Supplier-V,952.0,357,2026-04-11,4747.51
WH-A,Keyboard,Supplier-W,452.0,50,2025-05-14,2873.32
WH-A,Mouse,,,166,2025-12-13,
WH-E,Keyboard,Supplier-W,835.0,464,2026-03-19,5271.89
WH-E,Mobile,Supplier-Y,655.0,418,2025-12-17,1497.89
WH-B,Tablet,Supplier-Z,540.0,260,2025-04-13,1623.34
WH-B,Mouse,Supplier-V,934.0,447,2025-01-20,3284.44
WH-D,Laptop,Supplier-W,471.0,278,2025-09-13,4269.49
WH-D,Mouse,Supplier-X,473.0,270,2025-07-19,1633.6
WH-E,Tablet,Supplier-Z,92.0,308,2025-07-13,1013.44
WH-C,Tablet,Supplier-W,756.0,287,2025-07-08,2701.89
WH-A,Mouse,Supplier-X,237.0,149,2026-06-15,2587.59
WH-B,Tablet,Supplier-V,10.0,327,2025-11-25,4088.55
WH-E,Mobile,Supplier-Z,626.0,133,2024-09-16,2245.25
WH-C,Laptop,Supplier-W,995.0,415,2026-05-16,4703.33
WH-C,Printer,Supplier-Y,554.0,446,2025-12-22,3338.76
WH-C,Mobile,Supplier-Y,257.0,360,2024-08-26,2544.47
WH-E,Monitor,Supplier-W,461.0,19,2025-06-08,2163.61
WH-D,Router,Supplier-W,193.0,467,2025-06-06,2407.16
WH-E,Printer,Supplier-Y,74.0,316,2024-11-07,1119.88
WH-B,Tablet,Supplier-V,871.0,465,2025-04-20,2050.97
WH-C,Tablet,Supplier-W,487.0,109,2026-04-10,3217.91
WH-E,Keyboard,Supplier-W,784.0,40,2024-09-04,2591.36
WH-E,Monitor,Supplier-V,24.0,168,2026-02-14,4231.52
WH-A,Router,Supplier-Y,995.0,12,2026-05-21,4470.83
WH-D,Tablet,Supplier-V,665.0,216,2026-05-14,1100.38
WH-D,Printer,Supplier-X,949.0,406,2024-10-28,5131.9
WH-E,Monitor,Supplier-W,909.0,166,2025-01-14,1117.78
WH-E,Tablet,Supplier-Y,454.0,403,2025-06-20,5010.36
WH-A,Laptop,Supplier-Z,178.0,423,2025-08-16,1698.97
WH-A,Monitor,Supplier-W,320.0,443,2025-06-30,1153.8
WH-C,Monitor,Supplier-X,439.0,155,2026-02-09,3441.6
WH-B,Keyboard,Supplier-V,838.0,70,2025-03-09,2269.14
WH-D,Router,Supplier-Z,602.0,226,2025-01-19,877.95
WH-D,Monitor,Supplier-Z,334.0,16,2024-12-09,2101.49
WH-C,Mobile,Supplier-W,566.0,310,2025-08-15,1402.96
WH-D,Keyboard,Supplier-Z,860.0,180,2025-03-09,1029.33
WH-B,Printer,Supplier-W,812.0,148,2024-07-07,1489.66
WH-C,Router,,,352,2024-10-04,
WH-B,Mobile,Supplier-Z,556.0,375,2025-05-10,4726.0
WH-C,Monitor,Supplier-V,235.0,88,2024-12-22,3234.63
WH-B,Monitor,Supplier-Z,478.0,74,2025-08-06,3117.36
WH-C,Keyboard,Supplier-W,949.0,173,2024-08-28,3567.76
WH-D,Monitor,Supplier-W,811.0,67,2025-11-19,1923.44
WH-B,Router,Supplier-Z,345.0,398,2024-08-08,2970.53
WH-B,Tablet,Supplier-V,568.0,262,2024-08-23,4624.8
WH-C,Mouse,Supplier-W,127.0,12,2024-10-25,2062.04
WH-C,Laptop,,,24,2025-07-27,
WH-B,Router,Supplier-W,548.0,310,2025-10-21,1880.67
WH-A,Tablet,Supplier-W,43.0,340,2024-08-19,850.51
WH-C,Keyboard,Supplier-Z,731.0,178,2025-04-04,2115.9
WH-D,Keyboard,Supplier-V,206.0,500,2025-05-19,1647.07
WH-C,Monitor,Supplier-W,609.0,287,2025-03-08,2571.98
WH-D,Printer,Supplier-Y,5.0,40,2025-12-04,4709.56
WH-B,Laptop,Supplier-Y,594.0,173,2025-09-12,2291.46
WH-C,Monitor,Supplier-Y,1.0,45,2024-08-08,3764.91
WH-D,Mobile,Supplier-X,393.0,110,2024-07-11,3574.14
WH-D,Router,Supplier-X,197.0,228,2025-01-30,3579.6
WH-E,Mobile,Supplier-Y,32.0,289,2025-09-25,562.57
WH-B,Router,Supplier-V,309.0,197,2025-01-15,3774.37
WH-C,Monitor,Supplier-W,324.0,462,2026-02-11,4811.28
WH-E,Printer,Supplier-W,597.0,402,2025-06-12,2313.48
WH-E,Tablet,Supplier-Z,645.0,488,2026-06-21,2855.16
WH-A,Tablet,Supplier-W,29.0,456,2025-08-11,4615.67
WH-E,Printer,Supplier-Z,145.0,26,2025-03-22,4472.3
WH-E,Monitor,Supplier-Y,647.0,481,2025-06-20,836.79
WH-B,Monitor,Supplier-Z,708.0,38,2024-11-21,4981.89
WH-D,Printer,Supplier-Y,370.0,236,2025-02-14,2847.05
WH-D,Router,Supplier-W,548.0,164,2025-06-16,3275.02
WH-C,Keyboard,Supplier-V,933.0,159,2025-07-19,1512.78
WH-E,Keyboard,Supplier-Y,631.0,226,2025-11-03,2148.17
WH-B,Router,Supplier-X,668.0,18,2025-06-22,2864.67
WH-A,Keyboard,Supplier-V,617.0,275,2024-12-19,3745.9
WH-C,Monitor,,,17,2024-12-31,
WH-E,Laptop,Supplier-Z,524.0,415,2025-06-25,2967.55
WH-C,Tablet,Supplier-W,587.0,377,2026-05-09,4768.69
WH-E,Monitor,Supplier-X,143.0,29,2024-11-22,870.39
WH-C,Mouse,Supplier-W,750.0,98,2024-11-29,4002.59
WH-E,Tablet,Supplier-W,72.0,275,2024-12-01,2186.96
WH-A,Keyboard,Supplier-X,580.0,141,2025-06-26,1757.45
WH-C,Mouse,Supplier-Y,107.0,462,2024-08-24,2858.42
WH-C,Mouse,Supplier-X,721.0,251,2025-05-01,4968.08
WH-A,Mouse,Supplier-Y,295.0,237,2025-07-08,5118.4
WH-D,Tablet,Supplier-Y,724.0,78,2024-09-11,4833.62
WH-D,Keyboard,Supplier-V,414.0,78,2025-09-15,4067.21
WH-C,Mouse,Supplier-Y,120.0,240,2025-02-02,1214.75
WH-C,Monitor,,,106,2025-12-26,
WH-B,Printer,Supplier-X,447.0,163,2024-08-04,4753.81
WH-E,Printer,Supplier-Y,420.0,26,2026-01-31,4418.52
WH-A,Tablet,Supplier-W,769.0,434,2024-11-01,2814.38
WH-B,Laptop,Supplier-Z,961.0,165,2025-03-16,3945.64
WH-B,Tablet,Supplier-X,28.0,440,2025-04-11,3619.29
WH-D,Laptop,Supplier-Z,461.0,238,2025-02-27,2143.1
WH-B,Printer,Supplier-Z,734.0,127,2024-11-10,5331.96
WH-B,Tablet,Supplier-X,275.0,480,2026-05-01,1295.47
WH-B,Mobile,Supplier-X,61.0,361,2025-12-16,4567.09
WH-A,Keyboard,Supplier-Y,803.0,193,2025-03-10,4890.51
WH-A,Mobile,Supplier-X,179.0,81,2025-07-24,2551.0
WH-E,Tablet,Supplier-W,21.0,189,2026-03-18,3720.02
WH-D,Laptop,Supplier-W,533.0,312,2024-08-06,3669.53
WH-D,Monitor,,,368,2025-02-02,
WH-E,Router,,,278,2025-09-22,
WH-D,Laptop,,,116,2025-05-01,
WH-C,Monitor,,,320,2025-05-28,
WH-B,Keyboard,,,241,2024-07-11,
WH-E,Router,,,382,2026-04-04,
WH-D,Router,,,40,2026-02-05,
WH-E,Monitor,,,299,2025-11-11,
WH-B,Mouse,,,495,2024-10-19,
WH-B,Printer,,,84,2025-11-28,
WH-C,Mobile,,,73,2025-03-16,
WH-C,Router,,,22,2025-04-07,
WH-B,Printer,,,151,2025-07-19,
WH-C,Monitor,,,17,2024-12-31,
WH-C,Router,,,352,2024-10-04,
WH-D,Router,,,124,2026-02-19,
WH-A,Printer,,,273,2026-01-08,
WH-E,Monitor,,,368,2026-06-22,
WH-A,Tablet,,,16,2025-07-11,
WH-C,Mobile,,,333,2026-06-20,
WH-A,Keyboard,,,219,2026-03-02,
WH-A,Laptop,,,170,2025-07-09,
WH-C,Keyboard,,,284,2026-03-24,
WH-C,Monitor,,,342,2024-09-23,
WH-E,Mouse,,,338,2025-07-17,
WH-B,Printer,,,325,2024-10-14,
WH-E,Mobile,,,427,2026-06-11,
WH-C,Monitor,,,106,2025-12-26,
WH-A,Mouse,,,166,2025-12-13,
WH-C,Laptop,,,24,2025-07-27,
WH-A,Mouse,Supplier-Z,1.0,486,2025-12-13,2821.47
WH-D,Keyboard,Supplier-Y,50.0,243,2024-12-06,3381.94
WH-E,Printer,Supplier-Z,571.0,121,2025-04-18,3542.72
WH-C,Tablet,Supplier-X,619.0,34,2025-05-03,4936.87
WH-C,Mouse,Supplier-X,404.0,365,2024-10-21,1687.08
WH-E,Printer,Supplier-X,288.0,31,2026-03-24,1709.34
WH-A,Tablet,Supplier-Y,920.0,105,2025-09-27,4892.32
WH-D,Mobile,Supplier-Y,855.0,180,2025-11-28,1517.1
WH-A,Keyboard,Supplier-W,452.0,50,2025-05-14,2873.32
WH-E,Tablet,Supplier-V,720.0,67,2025-08-21,2453.16
WH-B,Mouse,Supplier-X,693.0,126,2026-03-09,2762.18
WH-B,Laptop,Supplier-Z,792.0,296,2025-01-01,1393.14
WH-A,Mobile,Supplier-X,475.0,316,2025-01-24,4239.73
WH-E,Laptop,Supplier-Z,524.0,415,2025-06-25,2967.55
WH-A,Mouse,Supplier-Z,549.0,351,2026-06-28,3549.52
WH-C,Mouse,Supplier-X,713.0,401,2026-04-29,4194.76
WH-A,Router,Supplier-Y,995.0,12,2026-05-21,4470.83
WH-D,Keyboard,Supplier-Z,321.0,253,2024-07-26,4157.35
WH-E,Tablet,Supplier-Y,677.0,294,2025-03-20,3716.25
WH-D,Printer,Supplier-V,735.0,130,2024-12-26,1668.77
