tenant_id,tenant_name,tenant_status
TNT-0001,"Cole, Baker and Cantu ",Active
TNT-0002,"West, Johnson and Fitzgerald ",Suspended
TNT-0003,Gonzalez PLC ,Inactive
TNT-0004,Johnson-Orozco ,Active
TNT-0005,Nixon-Mitchell ,Suspended
TNT-0006,Wagner-Gilbert ,Suspended
TNT-0007,"Randall, Bryan and Clark ",Suspended
TNT-0008,"Garrison, Huffman and Brown ",Active
TNT-0009,Mack LLC ,Suspended
TNT-0010,Thompson Inc ,Suspended
TNT-0011,"Schmitt, Taylor and Hanson ",Suspended
TNT-0012,Carroll-Stevens ,Active
TNT-0013,"Jones, Jimenez and Pena ",Suspended
TNT-0014,Nelson-Jordan ,Inactive
TNT-0015,"Morris, Landry and Reyes ",Active
TNT-0016,Brown PLC ,Inactive
TNT-0017,Frey-Beasley ,Active
TNT-0018,"Goodman, Murillo and Santos ",Inactive
TNT-0019,"Gutierrez, Jones and Evans ",Inactive
TNT-0020,"Phillips, Johnson and Walker ",Suspended
TNT-0021,Winters Inc ,Active
TNT-0022,"Willis, Evans and Kline ",Inactive
TNT-0023,"Davis, Kennedy and Woodard ",Suspended
TNT-0024,Ortega LLC ,Suspended
TNT-0025,Sanchez-Long ,Suspended
TNT-0026,"Petty, Wallace and Chapman ",Active
TNT-0027,"Henderson, Cook and Bartlett ",Inactive
TNT-0028,Williams-Hill ,Suspended
TNT-0029,Giles-Hurst ,Active
TNT-0030,"Fischer, Harmon and Young ",Suspended
TNT-0031,Smith PLC ,Inactive
TNT-0032,Jackson-Hernandez ,Active
TNT-0033,Reynolds-Alexander ,Inactive
TNT-0034,"Mason, Richardson and Rodriguez ",Active
TNT-0035,Downs-Jones ,Suspended
TNT-0036,"Vargas, Hernandez and Ellis ",Suspended
TNT-0037,Craig Inc ,Suspended
TNT-0038,Young Ltd ,Inactive
TNT-0039,"Nelson, Montgomery and Mitchell ",Inactive
TNT-0040,Mayer-Sweeney ,Active
TNT-0041,"Vaughn, Porter and Glover ",Suspended
TNT-0042,Meyers-Ruiz ,Suspended
TNT-0043,"Ayala, Roy and Stewart ",Active
TNT-0044,Robertson-Sherman ,Suspended
TNT-0045,"Rogers, Woodard and Haney ",Suspended
TNT-0046,Hayes Ltd ,Active
TNT-0047,"Fox, Davidson and Lopez ",Suspended
TNT-0048,Torres and Sons ,Active
TNT-0049,Mooney LLC ,Suspended
TNT-0050,Lawson-Barry ,Suspended
TNT-0051,"George, Davis and Rowe ",Suspended
TNT-0052,Reyes Inc ,Active
TNT-0053,"Fry, Cook and Lee ",Inactive
TNT-0054,"Kidd, Kane and Erickson ",Suspended
TNT-0055,Brooks-Tran ,Suspended
TNT-0056,"Garcia, Powell and Phillips ",Inactive
TNT-0057,Meyer-Smith ,Suspended
TNT-0058,"Nguyen, Garrett and Sanders ",Inactive
TNT-0059,"Gillespie, Lewis and Murphy ",Suspended
TNT-0060,Perez LLC ,Suspended
TNT-0061,"Marks, Faulkner and Wilkerson ",Active
TNT-0062,Scott Inc ,Active
TNT-0063,Armstrong-Wiley ,Active
TNT-0064,"Smith, Warren and Price ",Suspended
TNT-0065,Cross-Ross ,Suspended
TNT-0066,Moore-Le ,Inactive
TNT-0067,"Brennan, Hill and Mendez ",Active
TNT-0068,Kent and Sons ,Inactive
TNT-0069,Nicholson PLC ,Inactive
TNT-0070,Sparks-Frye ,Active
TNT-0071,Kent-Hardy ,Active
TNT-0072,Brady-Robertson ,Suspended
TNT-0073,"Miller, Gray and Adams ",Suspended
TNT-0074,"Thomas, Keith and Guerrero ",Active
TNT-0075,Warren-Perkins ,Active
TNT-0076,"Hughes, Sanchez and Jackson ",Inactive
TNT-0077,"Mendez, Smith and Jenkins ",Active
TNT-0078,"Murray, Lambert and Bautista ",Suspended
TNT-0079,"Collins, Mullins and Love ",Suspended
TNT-0080,Garcia-Parker ,Active
TNT-0081,Rangel-Hendrix ,Active
TNT-0082,"Bean, Stephens and Paul ",Inactive
TNT-0083,Perry-Duncan ,Suspended
TNT-0084,Lewis Inc ,Inactive
TNT-0085,Thompson Group ,Suspended
TNT-0086,"Clark, Mclean and Drake ",Suspended
TNT-0087,Huffman-Weaver ,Suspended
TNT-0088,"Johnson, Armstrong and Martinez ",Inactive
TNT-0089,"Cervantes, Sanchez and Young ",Suspended
TNT-0090,"Jones, Allen and Coleman ",Suspended
TNT-0091,Schaefer Ltd ,Suspended
TNT-0092,"Bradley, Alvarez and Cummings ",Inactive
TNT-0093,"Martinez, Brooks and Shepherd ",Inactive
TNT-0094,Lynch-Lawrence ,Inactive
TNT-0095,Thompson LLC ,Suspended
TNT-0096,Harvey-Lee ,Suspended
TNT-0097,"Mahoney, Wolfe and Joyce ",Suspended
TNT-0098,Chambers LLC ,Inactive
TNT-0099,"Sanchez, Gordon and Johnson ",Inactive
TNT-0100,Gibson-Thompson ,Active
TNT-0101,Khan-Marquez ,Active
TNT-0102,Johnson-Rivera ,Inactive
TNT-0103,Flores-Tucker ,Active
TNT-0104,Carpenter and Sons ,Suspended
TNT-0105,Kim LLC ,Active
TNT-0106,"Schmidt, Evans and Welch ",Suspended
TNT-0107,"Hart, Hodge and Clarke ",Suspended
TNT-0108,Hunter Ltd ,Active
TNT-0109,Cohen-Stephens ,Active
TNT-0110,Todd-West ,Inactive
TNT-0111,Moore-Rodriguez ,Active
TNT-0112,Bailey PLC ,Inactive
TNT-0113,Thompson PLC ,Inactive
TNT-0114,Stephens-Davis ,Active
TNT-0115,"Pham, Murphy and Mason ",Suspended
TNT-0116,Chan Inc ,Active
TNT-0117,"Ray, Hunter and Reyes ",Inactive
TNT-0118,Mcdaniel Inc ,Active
TNT-0119,"Martinez, Townsend and Peterson ",Active
TNT-0120,"Hansen, Walters and Christensen ",Suspended
TNT-0121,Benton-Giles ,Inactive
TNT-0122,Sherman-Garcia ,Active
TNT-0123,Drake Ltd ,Inactive
TNT-0124,"Hernandez, Smith and Day ",Active
TNT-0125,White Group ,Suspended
TNT-0126,Williams-Moore ,Inactive
TNT-0127,Alvarado Group ,Active
TNT-0128,Tran-Hall ,Suspended
TNT-0129,Williams-Black ,Inactive
TNT-0130,"Thomas, Carpenter and Morgan ",Active
TNT-0131,"Benton, Combs and Carter ",Suspended
TNT-0132,Leonard and Sons ,Active
TNT-0133,Davis-Silva ,Suspended
TNT-0134,Jones PLC ,Suspended
TNT-0135,Brooks Group ,Inactive
TNT-0136,Rose Ltd ,Active
TNT-0137,Taylor Ltd ,Active
TNT-0138,Knight and Sons ,Inactive
TNT-0139,"Brown, Kim and Smith ",Active
TNT-0140,James LLC ,Active
TNT-0141,"Lopez, Nash and Williams ",Active
TNT-0142,Martinez-Lee ,Inactive
TNT-0143,Singh PLC ,Active
TNT-0144,Morse Inc ,Active
TNT-0145,"Adams, Grant and Smith ",Inactive
TNT-0146,Farley Ltd ,Active
TNT-0147,Walker-Barton ,Active
TNT-0148,Davis Ltd ,Inactive
TNT-0149,Garrett Ltd ,Suspended
TNT-0150,"Ferguson, Mcguire and Perez ",Suspended
TNT-0151,Gonzales and Sons ,Suspended
TNT-0152,"Turner, Trujillo and Mcgee ",Active
TNT-0153,Young-Chambers ,Active
TNT-0154,Nelson Inc ,Inactive
TNT-0155,Ross-Cantu ,Suspended
TNT-0156,Friedman and Sons ,Inactive
TNT-0157,"Little, Higgins and Duffy ",Suspended
TNT-0158,Daniels-Wood ,Active
TNT-0159,Ramirez and Sons ,Active
TNT-0160,Brown-Jensen ,Inactive
TNT-0161,"Bolton, White and Powell ",Suspended
TNT-0162,Chen and Sons ,Suspended
TNT-0163,Taylor Inc ,Suspended
TNT-0164,"Golden, Macdonald and Palmer ",Suspended
TNT-0165,"Ross, Walker and Butler ",Active
TNT-0166,Martinez-Mills ,Active
TNT-0167,"Rogers, Mccall and Bender ",Suspended
TNT-0168,Graham-Jensen ,Suspended
TNT-0169,Mendez-Campbell ,Active
TNT-0170,"Rivera, York and Norton ",Inactive
TNT-0171,Neal-Rodriguez ,Suspended
TNT-0172,Ramos and Sons ,Suspended
TNT-0173,Green and Sons ,Suspended
TNT-0174,Thomas-Price ,Active
TNT-0175,"Mejia, May and Nelson ",Suspended
TNT-0176,Mccarthy Ltd ,Suspended
TNT-0177,Mitchell LLC ,Active
TNT-0178,Williams-Nichols ,Active
TNT-0179,Garcia Group ,Active
TNT-0180,"Parker, Acosta and Swanson ",Inactive
TNT-0181,Gonzalez-Greene ,Suspended
TNT-0182,"Joseph, Bowman and Thompson ",Active
TNT-0183,"Wood, Jackson and Smith ",Inactive
TNT-0184,Shelton PLC ,Suspended
TNT-0185,Mason Inc ,Active
TNT-0186,Davis Ltd ,Inactive
TNT-0187,"Jones, Golden and Lopez ",Active
TNT-0188,Kim-Tran ,Suspended
TNT-0189,Horn-Gonzalez ,Inactive
TNT-0190,Hall-Walker ,Active
TNT-0191,Freeman and Sons ,Active
TNT-0192,Watkins-Nguyen ,Suspended
TNT-0193,"Summers, Copeland and Fletcher ",Inactive
TNT-0194,Bryant-James ,Suspended
TNT-0195,"Duarte, York and Johnson ",Inactive
TNT-0196,Johnson-Harmon ,Inactive
TNT-0197,Roberts and Sons ,Inactive
TNT-0198,Mckinney Ltd ,Inactive
TNT-0199,"Welch, Rodgers and Bridges ",Inactive
TNT-0200,"Wilson, Moore and Morrison ",Inactive
