user_id,user_name,user_email,user_phone_number,created_at,tenant_id,user_address
USR-00001,Diane Hubbard,brian61@example.org,7677905522,2026-05-09 07:00:27,TNT-0088,"{""street"": ""092 Chelsey Neck Apt. 732"", ""city"": ""Christinefort"", ""state"": ""NV"", ""zipcode"": ""14169""}"
USR-00002,Martin Becker,briangeorge@example.net,7342818936,2026-05-28 07:00:27,TNT-0030,"{""street"": ""317 Stephanie Courts Apt. 305"", ""city"": ""Brittanyhaven"", ""state"": ""TN"", ""zipcode"": ""73072""}"
USR-00003,Kaitlin Williams,clarkejessica@example.net,6615502784,2026-05-16 00:00:27,TNT-0125,"{""street"": ""2123 Howard Parks Suite 541"", ""city"": ""Bethanyside"", ""state"": ""HI"", ""zipcode"": ""21928""}"
USR-00004,Kathy Carter,richard45@example.org,9266579371,2026-05-05 17:00:27,TNT-0051,"{""street"": ""948 Paul Pines"", ""city"": ""Amandaville"", ""state"": ""ND"", ""zipcode"": ""46785""}"
USR-00005,Justin Rivas MD,patriciacarlson@example.com,7784455603,2026-05-27 18:00:27,TNT-0137,"{""street"": ""0372 Julie Valleys"", ""city"": ""Jessicafurt"", ""state"": ""SD"", ""zipcode"": ""59708""}"
USR-00006,Robin Clark,fcortez@example.com,8614421700,2026-05-08 08:00:27,TNT-0077,"{""street"": ""78849 Watkins Flat Apt. 734"", ""city"": ""South Samantha"", ""state"": ""ME"", ""zipcode"": ""89486""}"
USR-00007,Zachary Bailey,powersthomas@example.net,6255505166,2026-06-01 08:00:27,TNT-0072,"{""street"": ""2524 Shaw Greens"", ""city"": ""Jenniferstad"", ""state"": ""HI"", ""zipcode"": ""65475""}"
USR-00008,Donna Jones,gmoreno@example.org,9820004069,2026-05-16 15:00:27,TNT-0107,"{""street"": ""879 Doyle Keys"", ""city"": ""Osborneside"", ""state"": ""VT"", ""zipcode"": ""72617""}"
USR-00009,James Church,julie30@example.org,9585213625,2026-06-04 05:00:27,TNT-0191,"{""street"": ""48616 Davis Street"", ""city"": ""New Nathanborough"", ""state"": ""GA"", ""zipcode"": ""79081""}"
USR-00010,Annette King,wkelly@example.org,6806623311,2026-05-07 13:00:27,TNT-0075,"{""street"": ""846 Davidson Views"", ""city"": ""Johntown"", ""state"": ""MP"", ""zipcode"": ""69774""}"
USR-00011,Carlos James,martinsnyder@example.net,8202924362,2026-05-11 00:00:27,TNT-0059,"{""street"": ""069 Jeremy Springs"", ""city"": ""Torreshaven"", ""state"": ""SC"", ""zipcode"": ""37105""}"
USR-00012,Thomas Cook,ryork@example.net,6265570496,2026-05-10 09:00:27,TNT-0022,"{""street"": ""73208 John Skyway Suite 974"", ""city"": ""Aliton"", ""state"": ""IN"", ""zipcode"": ""80008""}"
USR-00013,Cory Hood,katherine62@example.net,9609027782,2026-05-09 05:00:27,TNT-0085,"{""street"": ""2416 Jackson Hills"", ""city"": ""Smallville"", ""state"": ""MH"", ""zipcode"": ""98028""}"
USR-00014,Allison George,cannonphillip@example.com,9940283573,2026-05-06 03:00:27,TNT-0085,"{""street"": ""13343 Cole Village"", ""city"": ""Paulberg"", ""state"": ""DE"", ""zipcode"": ""18048""}"
USR-00015,Jessica Dixon,tracyduran@example.org,6078791071,2026-06-02 14:00:27,TNT-0170,"{""street"": ""8415 Schneider Junction Suite 240"", ""city"": ""Heathermouth"", ""state"": ""MI"", ""zipcode"": ""47036""}"
USR-00016,Deborah Gould,linda21@example.net,6007755224,2026-05-14 09:00:27,TNT-0176,"{""street"": ""831 John Garden Apt. 021"", ""city"": ""North Pamelaborough"", ""state"": ""NY"", ""zipcode"": ""01232""}"
USR-00017,Kimberly Tate,zrios@example.org,9239637977,2026-05-26 02:00:27,TNT-0123,"{""street"": ""7860 Michael Rue"", ""city"": ""Garciashire"", ""state"": ""MT"", ""zipcode"": ""91093""}"
USR-00018,Amber Tanner,istephens@example.com,6480628210,2026-06-03 04:00:27,TNT-0183,"{""street"": ""956 Javier Mission"", ""city"": ""Lake Bradleytown"", ""state"": ""NM"", ""zipcode"": ""80601""}"
USR-00019,Claudia Morrison,dalexander@example.net,6897021440,2026-05-18 18:00:27,TNT-0108,"{""street"": ""324 Gutierrez Parkways Apt. 538"", ""city"": ""Lake Rachel"", ""state"": ""SC"", ""zipcode"": ""54022""}"
USR-00020,Erica Alexander,samuel13@example.org,7730702694,2026-05-06 18:00:27,TNT-0056,"{""street"": ""2223 Henderson Mountains"", ""city"": ""East Kirkfurt"", ""state"": ""AZ"", ""zipcode"": ""62211""}"
USR-00021,Amanda Daniels,pammorris@example.org,7791614237,2026-05-19 21:00:27,TNT-0189,"{""street"": ""06412 Rose Via"", ""city"": ""Marcusborough"", ""state"": ""WV"", ""zipcode"": ""99923""}"
USR-00022,Joseph Norris,gcosta@example.com,8150408215,2026-06-03 08:00:27,TNT-0187,"{""street"": ""31691 Kimberly Cliffs Apt. 068"", ""city"": ""Margaretbury"", ""state"": ""PW"", ""zipcode"": ""69599""}"
USR-00023,Daniel Elliott,marshalljessica@example.com,7097529660,2026-05-11 04:00:27,TNT-0035,"{""street"": ""5254 Kayla Ford"", ""city"": ""Barrettchester"", ""state"": ""CO"", ""zipcode"": ""97375""}"
USR-00024,Jason Smith,matthew79@example.net,9876212471,2026-05-15 15:00:27,TNT-0071,"{""street"": ""0423 Taylor Circles"", ""city"": ""East Alexanderland"", ""state"": ""MA"", ""zipcode"": ""11111""}"
USR-00025,Timothy Woodard,hbailey@example.com,6552550512,2026-05-09 18:00:27,TNT-0152,"{""street"": ""480 Jones Isle"", ""city"": ""South Dustin"", ""state"": ""MH"", ""zipcode"": ""37851""}"
USR-00026,David Vang,mcdaniellisa@example.net,9043539723,2026-05-15 04:00:27,TNT-0094,"{""street"": ""4137 Franco Land Apt. 528"", ""city"": ""Jameschester"", ""state"": ""LA"", ""zipcode"": ""72927""}"
USR-00027,Richard Taylor,markjoseph@example.net,6886650252,2026-05-20 12:00:27,TNT-0083,"{""street"": ""68638 Yoder Junctions Suite 239"", ""city"": ""Jasonton"", ""state"": ""CT"", ""zipcode"": ""32510""}"
USR-00028,Dr. Jeffrey Washington,brandonzamora@example.org,7256134927,2026-05-20 12:00:27,TNT-0066,"{""street"": ""8492 Cooper Manor"", ""city"": ""South Pamelamouth"", ""state"": ""WI"", ""zipcode"": ""24066""}"
USR-00029,Brandon Leblanc,cbowman@example.org,9391245498,2026-05-27 06:00:27,TNT-0140,"{""street"": ""75133 Courtney Green Suite 080"", ""city"": ""New Christine"", ""state"": ""ME"", ""zipcode"": ""98934""}"
USR-00030,Aaron Morgan,wnguyen@example.net,8003154765,2026-05-24 21:00:27,TNT-0020,"{""street"": ""6282 Mitchell Pass"", ""city"": ""Nicholsmouth"", ""state"": ""OH"", ""zipcode"": ""61461""}"
USR-00031,Jamie Rodriguez,pollardmichael@example.net,8334207972,2026-05-22 02:00:27,TNT-0016,"{""street"": ""93269 Day View Apt. 334"", ""city"": ""Williamshaven"", ""state"": ""MS"", ""zipcode"": ""45639""}"
USR-00032,Victoria Robinson,edwardmooney@example.net,8037331740,2026-05-11 08:00:27,TNT-0088,"{""street"": ""20101 Tristan Village"", ""city"": ""Michaelchester"", ""state"": ""WI"", ""zipcode"": ""52699""}"
USR-00033,Megan Roth,michellewillis@example.com,9903893270,2026-05-11 20:00:27,TNT-0145,"{""street"": ""88789 Ashley Field"", ""city"": ""South Anne"", ""state"": ""SD"", ""zipcode"": ""39360""}"
USR-00034,Kayla Smith,joseph50@example.net,6321952814,2026-05-28 19:00:27,TNT-0125,"{""street"": ""9152 Lawrence Bridge Suite 096"", ""city"": ""West Connie"", ""state"": ""AZ"", ""zipcode"": ""14106""}"
USR-00035,Brittney Walter,teresa39@example.net,8980754717,2026-06-02 23:00:27,TNT-0005,"{""street"": ""5048 Ashley Tunnel"", ""city"": ""Willieberg"", ""state"": ""NE"", ""zipcode"": ""18962""}"
USR-00036,Marie Watson,wilsonanne@example.org,9400856331,2026-05-08 01:00:27,TNT-0162,"{""street"": ""7228 Thomas Corners Suite 546"", ""city"": ""Kevinside"", ""state"": ""UT"", ""zipcode"": ""08863""}"
USR-00037,Jeremy Welch,woodmichael@example.net,8201803595,2026-05-17 02:00:27,TNT-0122,"{""street"": ""5798 Anderson Islands Apt. 371"", ""city"": ""Brooksshire"", ""state"": ""RI"", ""zipcode"": ""86221""}"
USR-00038,William Juarez,joy02@example.com,8266927307,2026-05-11 20:00:27,TNT-0097,"{""street"": ""922 Garcia Drive"", ""city"": ""Alexandraport"", ""state"": ""OR"", ""zipcode"": ""63872""}"
USR-00039,Michael Coleman,shawhenry@example.org,6426155840,2026-05-19 20:00:27,TNT-0045,"{""street"": ""2882 Rocha Isle"", ""city"": ""Hansonmouth"", ""state"": ""LA"", ""zipcode"": ""47026""}"
USR-00040,Kimberly Carr,santiagojacob@example.net,9377678070,2026-05-24 11:00:27,TNT-0178,"{""street"": ""9801 Marie Mountains Apt. 519"", ""city"": ""Port Nathan"", ""state"": ""WY"", ""zipcode"": ""28896""}"
USR-00041,Arthur Chapman,randall06@example.org,8979612490,2026-05-14 00:00:27,TNT-0053,"{""street"": ""19649 Robin Harbor Suite 903"", ""city"": ""Kellermouth"", ""state"": ""TX"", ""zipcode"": ""17005""}"
USR-00042,Kyle Santos,hernandeztonya@example.com,8255812000,2026-05-31 18:00:27,TNT-0172,"{""street"": ""2668 Nancy Lakes Suite 128"", ""city"": ""Robertaport"", ""state"": ""MS"", ""zipcode"": ""57179""}"
USR-00043,Ryan Blackburn,karen68@example.net,8882967840,2026-05-06 17:00:27,TNT-0031,"{""street"": ""363 Hill Manor"", ""city"": ""North Julia"", ""state"": ""ID"", ""zipcode"": ""55244""}"
USR-00044,Willie Flores,howellrobert@example.com,6519636263,2026-05-25 17:00:27,TNT-0146,"{""street"": ""6598 Taylor Rapid"", ""city"": ""Port Taylorfurt"", ""state"": ""MO"", ""zipcode"": ""61884""}"
USR-00045,Brandy Lutz,juliacarr@example.net,8640049781,2026-05-28 12:00:27,TNT-0198,"{""street"": ""642 Katie Plain"", ""city"": ""Johnsonmouth"", ""state"": ""KS"", ""zipcode"": ""50128""}"
USR-00046,Jeff Cordova,matthewbaker@example.net,9703554612,2026-05-22 10:00:27,TNT-0128,"{""street"": ""64482 Schaefer Ways Suite 399"", ""city"": ""Mathismouth"", ""state"": ""TN"", ""zipcode"": ""68503""}"
USR-00047,Sandra Campbell,jacksonjason@example.net,6438604335,2026-05-22 00:00:27,TNT-0161,"{""street"": ""58451 Jeremy Inlet"", ""city"": ""Hansenburgh"", ""state"": ""AL"", ""zipcode"": ""19836""}"
USR-00048,Kenneth Brock,booneerika@example.org,9165619154,2026-05-31 01:00:27,TNT-0159,"{""street"": ""606 Tamara Square Suite 396"", ""city"": ""North Kristine"", ""state"": ""MD"", ""zipcode"": ""04714""}"
USR-00049,Tina Lee,umcpherson@example.com,9913299427,2026-05-19 16:00:27,TNT-0012,"{""street"": ""3762 Anthony Greens"", ""city"": ""Elizabethtown"", ""state"": ""UT"", ""zipcode"": ""39787""}"
USR-00050,William Warren,ramirezdebra@example.org,6496199316,2026-05-30 15:00:27,TNT-0176,"{""street"": ""85021 Hutchinson Squares"", ""city"": ""Lake Ashleefurt"", ""state"": ""HI"", ""zipcode"": ""79250""}"
USR-00051,Kevin Andrews,russell53@example.com,6257273552,2026-05-06 05:00:27,TNT-0067,"{""street"": ""1326 Debbie Flat"", ""city"": ""Lake Stephanieborough"", ""state"": ""AR"", ""zipcode"": ""12912""}"
USR-00052,Jennifer Johnson,luischung@example.org,8517654856,2026-05-19 06:00:27,TNT-0150,"{""street"": ""1037 Dalton Union"", ""city"": ""Jonathanside"", ""state"": ""LA"", ""zipcode"": ""75022""}"
USR-00053,Angel Taylor,frank25@example.net,8567274050,2026-05-20 23:00:27,TNT-0039,"{""street"": ""47653 Jessica Forest"", ""city"": ""East Patrick"", ""state"": ""MN"", ""zipcode"": ""45933""}"
USR-00054,Nicholas Smith,maryrandolph@example.org,6032878142,2026-05-16 04:00:27,TNT-0088,"{""street"": ""460 Fox Knoll Apt. 290"", ""city"": ""Georgeshire"", ""state"": ""GU"", ""zipcode"": ""12351""}"
USR-00055,Nathan Flores,frank62@example.com,6954167426,2026-05-12 12:00:27,TNT-0036,"{""street"": ""7753 Heather Hill Apt. 116"", ""city"": ""Martinton"", ""state"": ""NY"", ""zipcode"": ""24127""}"
USR-00056,David Miller,philip13@example.org,7195099583,2026-05-20 02:00:27,TNT-0136,"{""street"": ""8342 Jaime Alley"", ""city"": ""Millermouth"", ""state"": ""WI"", ""zipcode"": ""79016""}"
USR-00057,Roger Wood,randygonzalez@example.org,7238014339,2026-06-03 17:00:27,TNT-0013,"{""street"": ""2170 Henry Drive Apt. 924"", ""city"": ""Lake Georgeside"", ""state"": ""PR"", ""zipcode"": ""73145""}"
USR-00058,Dawn Hoffman,lshea@example.net,8226488842,2026-05-06 18:00:27,TNT-0200,"{""street"": ""27222 Thomas Greens Apt. 981"", ""city"": ""Simpsonshire"", ""state"": ""MH"", ""zipcode"": ""74831""}"
USR-00059,Tiffany Woods,eric36@example.org,6097857964,2026-05-28 11:00:27,TNT-0148,"{""street"": ""40408 Karen Valleys"", ""city"": ""Ronniemouth"", ""state"": ""DE"", ""zipcode"": ""18457""}"
USR-00060,Steven Sanders,houstondaniel@example.com,6102328647,2026-05-20 09:00:27,TNT-0150,"{""street"": ""2798 Jennifer Lake"", ""city"": ""Nicolemouth"", ""state"": ""PA"", ""zipcode"": ""53267""}"
USR-00061,Betty Parker,xwilson@example.com,7845386455,2026-05-06 21:00:27,TNT-0012,"{""street"": ""77111 Jordan Mills Suite 773"", ""city"": ""Hamiltonshire"", ""state"": ""MI"", ""zipcode"": ""72733""}"
USR-00062,Alyssa Ramirez,marie72@example.org,7440276623,2026-05-23 13:00:27,TNT-0120,"{""street"": ""2618 Rosario Branch Apt. 089"", ""city"": ""Lawrenceberg"", ""state"": ""VA"", ""zipcode"": ""79997""}"
USR-00063,Terrance Arroyo,kjones@example.org,8866507537,2026-05-23 00:00:27,TNT-0072,"{""street"": ""646 Christopher Road"", ""city"": ""West Ronnie"", ""state"": ""TX"", ""zipcode"": ""06678""}"
USR-00064,Shannon Patterson,ethanwerner@example.com,7765768243,2026-06-05 01:00:27,TNT-0058,"{""street"": ""85343 Holt Alley Suite 044"", ""city"": ""South William"", ""state"": ""IN"", ""zipcode"": ""99262""}"
USR-00065,Connie Vaughan,smithalexander@example.net,9112630259,2026-05-21 13:00:27,TNT-0073,"{""street"": ""34801 Michael Spur Suite 797"", ""city"": ""West Tamara"", ""state"": ""OH"", ""zipcode"": ""63938""}"
USR-00066,Jordan Henson,michaelcarter@example.org,8002218588,2026-05-16 02:00:27,TNT-0122,"{""street"": ""79128 Ashley Fields"", ""city"": ""Kingview"", ""state"": ""KS"", ""zipcode"": ""21200""}"
USR-00067,Melissa Middleton,vanessajackson@example.org,9819306459,2026-05-28 19:00:27,TNT-0013,"{""street"": ""8499 Black Cove"", ""city"": ""West Kaitlin"", ""state"": ""CO"", ""zipcode"": ""38001""}"
USR-00068,Rachel Burton,grossdaniel@example.org,9194140411,2026-05-15 10:00:27,TNT-0033,"{""street"": ""779 Stewart Ports Apt. 078"", ""city"": ""Huntermouth"", ""state"": ""RI"", ""zipcode"": ""87929""}"
USR-00069,Jennifer Mack,acoleman@example.net,7535216371,2026-05-07 22:00:27,TNT-0124,"{""street"": ""885 Christopher Walk Apt. 648"", ""city"": ""Stephenchester"", ""state"": ""NJ"", ""zipcode"": ""67147""}"
USR-00070,Richard Ewing,jensennancy@example.org,7545348174,2026-05-29 18:00:27,TNT-0124,"{""street"": ""0549 Kevin Pines"", ""city"": ""Evansport"", ""state"": ""WA"", ""zipcode"": ""33958""}"
USR-00071,Richard Brown,justinwebb@example.org,8614695950,2026-05-17 16:00:27,TNT-0057,"{""street"": ""3544 William Cape"", ""city"": ""Mariahside"", ""state"": ""AS"", ""zipcode"": ""30635""}"
USR-00072,Logan Adams,brooke31@example.org,6261804656,2026-05-05 19:00:27,TNT-0063,"{""street"": ""8833 Smith Dam Apt. 324"", ""city"": ""Johnnyshire"", ""state"": ""MS"", ""zipcode"": ""49702""}"
USR-00073,Nicole Miller,nicholas45@example.org,7449525974,2026-05-28 11:00:27,TNT-0112,"{""street"": ""638 Garrett Trail"", ""city"": ""Brownside"", ""state"": ""FL"", ""zipcode"": ""20644""}"
USR-00074,Andrew Murray,morganjohnston@example.com,7709717565,2026-06-05 05:00:27,TNT-0047,"{""street"": ""543 Rodriguez Garden Apt. 845"", ""city"": ""South Katherinebury"", ""state"": ""AZ"", ""zipcode"": ""07857""}"
USR-00075,Christian Ryan,jimmysmith@example.com,7615536290,2026-05-27 02:00:27,TNT-0041,"{""street"": ""4256 Luna Squares Apt. 987"", ""city"": ""Port David"", ""state"": ""MN"", ""zipcode"": ""39322""}"
USR-00076,Robert Reed,howardreginald@example.com,9340626481,2026-06-03 07:00:27,TNT-0025,"{""street"": ""37462 Rebecca Square"", ""city"": ""Johnsonport"", ""state"": ""MI"", ""zipcode"": ""03189""}"
USR-00077,Nicole Smith,jennifer06@example.org,7889943330,2026-05-22 09:00:27,TNT-0061,"{""street"": ""24593 Bates Ville Suite 792"", ""city"": ""New Matthewfort"", ""state"": ""ME"", ""zipcode"": ""94587""}"
USR-00078,Kyle Alexander,kirbykimberly@example.com,6216653658,2026-05-20 07:00:27,TNT-0101,"{""street"": ""109 Christian Glen Apt. 705"", ""city"": ""Lake Gavinville"", ""state"": ""NC"", ""zipcode"": ""51783""}"
USR-00079,Brianna Tran,wilcoxmichael@example.net,9464167836,2026-06-04 15:00:27,TNT-0194,"{""street"": ""418 Wise Canyon Suite 613"", ""city"": ""Port Johnfurt"", ""state"": ""OH"", ""zipcode"": ""47012""}"
USR-00080,Matthew Miller,collin83@example.net,8573875457,2026-06-02 08:00:27,TNT-0191,"{""street"": ""4202 Cowan Glens"", ""city"": ""South Thomashaven"", ""state"": ""AK"", ""zipcode"": ""87369""}"
USR-00081,Ryan Clark,awebster@example.org,7024707076,2026-05-19 02:00:27,TNT-0059,"{""street"": ""197 Stacey Plaza Apt. 823"", ""city"": ""Lake Peterview"", ""state"": ""DC"", ""zipcode"": ""30652""}"
USR-00082,Robert Smith,shepherdbrandon@example.net,9698358050,2026-05-11 02:00:27,TNT-0165,"{""street"": ""2207 Bell Fields Suite 451"", ""city"": ""Christopherland"", ""state"": ""MN"", ""zipcode"": ""25727""}"
USR-00083,Scott Washington,grantsanders@example.net,6542171759,2026-06-04 08:00:27,TNT-0160,"{""street"": ""117 John Hollow Apt. 217"", ""city"": ""North Laurenchester"", ""state"": ""SD"", ""zipcode"": ""64371""}"
USR-00084,Dr. James Foster,smithbilly@example.net,7513289784,2026-05-09 23:00:27,TNT-0143,"{""street"": ""89156 Weaver Trafficway"", ""city"": ""Port Taylor"", ""state"": ""MP"", ""zipcode"": ""88580""}"
USR-00085,James Bowen,patricia94@example.net,7758914219,2026-05-16 23:00:27,TNT-0040,"{""street"": ""9963 Ashley Trace Suite 038"", ""city"": ""South Keithfort"", ""state"": ""SC"", ""zipcode"": ""68630""}"
USR-00086,Jeremy Anderson,paulbrown@example.com,7562871714,2026-05-09 16:00:27,TNT-0106,"{""street"": ""6804 Blair Stravenue"", ""city"": ""South David"", ""state"": ""CO"", ""zipcode"": ""69255""}"
USR-00087,Anna Lopez,nathanielhoward@example.com,9394075745,2026-05-25 03:00:27,TNT-0182,"{""street"": ""523 Atkins Inlet"", ""city"": ""Hansenfort"", ""state"": ""ID"", ""zipcode"": ""63594""}"
USR-00088,Christopher Bishop,markmcpherson@example.net,6636035979,2026-06-04 20:00:27,TNT-0102,"{""street"": ""52299 Cole Track"", ""city"": ""North Lindsay"", ""state"": ""NY"", ""zipcode"": ""35603""}"
USR-00089,Kenneth Thornton,porterzachary@example.org,8900381230,2026-06-04 03:00:27,TNT-0103,"{""street"": ""0214 Dorsey Way"", ""city"": ""West Robertshire"", ""state"": ""CO"", ""zipcode"": ""53902""}"
USR-00090,Ronald Savage,ashleycooper@example.com,7184731078,2026-05-06 04:00:27,TNT-0181,"{""street"": ""71354 Reid Lock"", ""city"": ""Angelamouth"", ""state"": ""KS"", ""zipcode"": ""02020""}"
USR-00091,Richard Blake,amandacampos@example.net,7800026291,2026-06-04 03:00:27,TNT-0067,"{""street"": ""29364 Scott Well Apt. 022"", ""city"": ""Barnetttown"", ""state"": ""ND"", ""zipcode"": ""36659""}"
USR-00092,Christine Rose,hpeterson@example.org,9017735866,2026-06-01 00:00:27,TNT-0032,"{""street"": ""737 Gregory Flat"", ""city"": ""Davismouth"", ""state"": ""MO"", ""zipcode"": ""48906""}"
USR-00093,Adrienne Juarez,nelsonjasmine@example.net,6374635577,2026-05-24 00:00:27,TNT-0008,"{""street"": ""3022 Scott Stravenue"", ""city"": ""Garrettview"", ""state"": ""GU"", ""zipcode"": ""32077""}"
USR-00094,Blake Hensley,alyssawarren@example.net,6914667342,2026-06-02 09:00:27,TNT-0023,"{""street"": ""4212 Santana Views"", ""city"": ""Gomezhaven"", ""state"": ""NJ"", ""zipcode"": ""21046""}"
USR-00095,Connor Carter,mark11@example.net,6439784640,2026-05-14 14:00:27,TNT-0166,"{""street"": ""8726 Williams Inlet Suite 849"", ""city"": ""Travisshire"", ""state"": ""FL"", ""zipcode"": ""52928""}"
USR-00096,Rachel Stone,angelaguzman@example.org,6622065173,2026-05-26 02:00:27,TNT-0145,"{""street"": ""010 Ronald Plaza"", ""city"": ""Brownfort"", ""state"": ""KS"", ""zipcode"": ""92108""}"
USR-00097,Betty Walls,xwalter@example.com,6559933993,2026-05-23 17:00:27,TNT-0055,"{""street"": ""98297 Allison Spring Suite 801"", ""city"": ""East Matthewchester"", ""state"": ""VA"", ""zipcode"": ""56862""}"
USR-00098,David Aguilar,jgonzalez@example.com,8008621881,2026-05-31 12:00:27,TNT-0194,"{""street"": ""98981 Matthew Circles"", ""city"": ""East Kellyshire"", ""state"": ""SD"", ""zipcode"": ""47493""}"
USR-00099,William Bentley,williamjackson@example.net,9999098605,2026-05-12 23:00:27,TNT-0198,"{""street"": ""7979 Michael Tunnel"", ""city"": ""Davidfort"", ""state"": ""LA"", ""zipcode"": ""31462""}"
USR-00100,Brenda Walters,bduffy@example.com,8892258051,2026-05-19 04:00:27,TNT-0020,"{""street"": ""2209 Emily Creek Apt. 121"", ""city"": ""Port Timothy"", ""state"": ""TN"", ""zipcode"": ""31056""}"
USR-00101,Donna Steele,joelrogers@example.net,9262370991,2026-06-04 20:00:27,TNT-0146,"{""street"": ""1102 Amy Isle"", ""city"": ""Port Lindafort"", ""state"": ""VI"", ""zipcode"": ""99224""}"
USR-00102,Rhonda Morse,romerostephanie@example.net,6714083051,2026-06-03 12:00:27,TNT-0009,"{""street"": ""7304 Byrd Ferry"", ""city"": ""Lake Christopherberg"", ""state"": ""ME"", ""zipcode"": ""79626""}"
USR-00103,Jennifer Horne,sherrystrong@example.net,6462244506,2026-05-23 01:00:27,TNT-0077,"{""street"": ""6792 Tamara Loop"", ""city"": ""New Arianatown"", ""state"": ""AL"", ""zipcode"": ""83359""}"
USR-00104,Matthew Shea,adamsmegan@example.net,6893935056,2026-05-14 18:00:27,TNT-0063,"{""street"": ""871 Young Court Apt. 852"", ""city"": ""Donaldville"", ""state"": ""MA"", ""zipcode"": ""36477""}"
USR-00105,Gregory Jones,johnsonkevin@example.net,8548220644,2026-05-08 05:00:27,TNT-0045,"{""street"": ""576 George Courts Apt. 110"", ""city"": ""North Virginiafurt"", ""state"": ""CO"", ""zipcode"": ""90565""}"
USR-00106,Justin Patterson,wglover@example.net,9027478932,2026-05-24 21:00:27,TNT-0006,"{""street"": ""626 Perry Ports"", ""city"": ""Melissaborough"", ""state"": ""GU"", ""zipcode"": ""03588""}"
USR-00107,Maria Taylor,santiagobobby@example.org,6533940830,2026-05-26 21:00:27,TNT-0161,"{""street"": ""3190 Bonnie Flats"", ""city"": ""West Caroline"", ""state"": ""OH"", ""zipcode"": ""47819""}"
USR-00108,Gail Vasquez,wagnerdale@example.net,6518284029,2026-05-29 06:00:27,TNT-0051,"{""street"": ""94977 Laura Meadow"", ""city"": ""Carlyfurt"", ""state"": ""MD"", ""zipcode"": ""46509""}"
USR-00109,Michelle Carroll,christina23@example.org,8615909273,2026-05-16 23:00:27,TNT-0193,"{""street"": ""3174 Anne Crest Suite 766"", ""city"": ""New Ritastad"", ""state"": ""OH"", ""zipcode"": ""03487""}"
USR-00110,Mark Kirby,linda83@example.net,9225855617,2026-05-10 20:00:27,TNT-0012,"{""street"": ""0738 Ellis Freeway Suite 105"", ""city"": ""East Paulshire"", ""state"": ""KS"", ""zipcode"": ""36048""}"
USR-00111,Kevin Higgins,laurengrimes@example.net,6739754925,2026-06-05 01:00:27,TNT-0053,"{""street"": ""247 Cross Forges"", ""city"": ""Port Johnburgh"", ""state"": ""KY"", ""zipcode"": ""68173""}"
USR-00112,Lauren West,bstevenson@example.org,8045739540,2026-06-02 11:00:27,TNT-0077,"{""street"": ""7330 John Plaza"", ""city"": ""Cynthiastad"", ""state"": ""NY"", ""zipcode"": ""45269""}"
USR-00113,Brandon Nielsen,jessicabarnett@example.org,8771689781,2026-05-07 06:00:27,TNT-0147,"{""street"": ""5732 Debra Route"", ""city"": ""Nelsonland"", ""state"": ""KY"", ""zipcode"": ""11815""}"
USR-00114,Sean Garcia,samuelsmith@example.com,8943308463,2026-05-30 21:00:27,TNT-0104,"{""street"": ""009 Reed Curve"", ""city"": ""West Chelseashire"", ""state"": ""NM"", ""zipcode"": ""17933""}"
USR-00115,Jordan Guzman,ashleymedina@example.org,6042562840,2026-05-21 22:00:27,TNT-0074,"{""street"": ""340 Stevens Freeway Apt. 763"", ""city"": ""North Bethanyside"", ""state"": ""FM"", ""zipcode"": ""78402""}"
USR-00116,Vickie Greer,ofisher@example.com,7049291094,2026-05-07 15:00:27,TNT-0149,"{""street"": ""79658 Tara Parks"", ""city"": ""West Codyside"", ""state"": ""IL"", ""zipcode"": ""41504""}"
USR-00117,Jason Garcia,bradyandrew@example.net,6842789739,2026-05-08 03:00:27,TNT-0062,"{""street"": ""444 Allen Locks"", ""city"": ""Hernandezhaven"", ""state"": ""AL"", ""zipcode"": ""83070""}"
USR-00118,Colleen Moody,jessicafloyd@example.org,9189348100,2026-05-27 16:00:27,TNT-0111,"{""street"": ""2311 Richardson Villages"", ""city"": ""West Gregorymouth"", ""state"": ""VA"", ""zipcode"": ""87977""}"
USR-00119,Brandon Walker,craigking@example.net,7925186243,2026-05-07 06:00:27,TNT-0027,"{""street"": ""964 Stevens Points"", ""city"": ""Vegaborough"", ""state"": ""CA"", ""zipcode"": ""35812""}"
USR-00120,Michael Chase,shawcharles@example.net,6602849566,2026-05-12 23:00:27,TNT-0103,"{""street"": ""473 Campbell Viaduct"", ""city"": ""Port Catherine"", ""state"": ""LA"", ""zipcode"": ""45723""}"
USR-00121,Taylor Hicks,xwalker@example.net,9123031948,2026-05-08 13:00:27,TNT-0132,"{""street"": ""36734 Moore Manor"", ""city"": ""New Lauraland"", ""state"": ""MS"", ""zipcode"": ""90712""}"
USR-00122,Emily Blankenship,dannynorton@example.com,9632757304,2026-05-28 05:00:27,TNT-0066,"{""street"": ""26910 Montgomery Rue"", ""city"": ""Jamesstad"", ""state"": ""WY"", ""zipcode"": ""91550""}"
USR-00123,David Schneider,jonesrobert@example.org,8340604018,2026-05-23 04:00:27,TNT-0155,"{""street"": ""4944 Ellis Falls"", ""city"": ""Meadowsville"", ""state"": ""TN"", ""zipcode"": ""76627""}"
USR-00124,Sarah Sherman,morenoamy@example.com,8981937998,2026-05-14 02:00:27,TNT-0011,"{""street"": ""1183 Michael Cliff Suite 033"", ""city"": ""Lake Kathyland"", ""state"": ""PA"", ""zipcode"": ""26592""}"
USR-00125,Victor Ramsey,jack77@example.net,7390753365,2026-05-21 19:00:27,TNT-0057,"{""street"": ""38951 Lucas Shore"", ""city"": ""Jimenezport"", ""state"": ""ME"", ""zipcode"": ""10582""}"
USR-00126,Gregory Collins,isaacflores@example.com,6558929170,2026-05-24 00:00:27,TNT-0191,"{""street"": ""652 Edwards Forge Apt. 216"", ""city"": ""South Kristenborough"", ""state"": ""SD"", ""zipcode"": ""08130""}"
USR-00127,Joseph Osborne,johnsonjoseph@example.net,7216330320,2026-05-15 13:00:27,TNT-0149,"{""street"": ""806 Marks Branch Suite 235"", ""city"": ""Jonathanburgh"", ""state"": ""MA"", ""zipcode"": ""86688""}"
USR-00128,Jane Valdez,kathleen34@example.net,8068168185,2026-05-16 01:00:27,TNT-0020,"{""street"": ""1052 George Spur Suite 588"", ""city"": ""Port John"", ""state"": ""AR"", ""zipcode"": ""10926""}"
USR-00129,Nathan Gonzalez,michaelsmith@example.net,8489645945,2026-05-06 01:00:27,TNT-0086,"{""street"": ""91899 Meghan Neck Suite 415"", ""city"": ""North David"", ""state"": ""WI"", ""zipcode"": ""22172""}"
USR-00130,Jessica Brown,sherri94@example.com,6989995717,2026-05-18 08:00:27,TNT-0185,"{""street"": ""536 Michael Hollow Suite 333"", ""city"": ""Port Katherine"", ""state"": ""TN"", ""zipcode"": ""04362""}"
USR-00131,Jonathan Lynch,melissapatel@example.net,7581024643,2026-05-28 16:00:27,TNT-0194,"{""street"": ""14224 Hernandez Fields"", ""city"": ""West Jeremy"", ""state"": ""AK"", ""zipcode"": ""70044""}"
USR-00132,Jessica Harris,watkinsvincent@example.org,8298107388,2026-05-10 08:00:27,TNT-0148,"{""street"": ""2179 Rice Valleys Apt. 052"", ""city"": ""Wellsview"", ""state"": ""AS"", ""zipcode"": ""33658""}"
USR-00133,John Hammond,mcneiljohn@example.net,7484491249,2026-05-08 12:00:27,TNT-0026,"{""street"": ""00241 Gay Alley Apt. 063"", ""city"": ""Melissafort"", ""state"": ""KS"", ""zipcode"": ""83026""}"
USR-00134,James Williams,evelynjones@example.net,7411612723,2026-05-08 20:00:27,TNT-0028,"{""street"": ""749 Smith Parks"", ""city"": ""Longtown"", ""state"": ""WI"", ""zipcode"": ""30250""}"
USR-00135,Charles Green,hooverchristine@example.org,8756580724,2026-05-06 12:00:27,TNT-0173,"{""street"": ""022 Miller Station Apt. 493"", ""city"": ""Moorefort"", ""state"": ""AS"", ""zipcode"": ""27425""}"
USR-00136,Christopher Lopez,michael80@example.net,9617172492,2026-05-28 13:00:27,TNT-0053,"{""street"": ""3427 Petersen Manors Apt. 290"", ""city"": ""Port Jessicafurt"", ""state"": ""AZ"", ""zipcode"": ""82270""}"
USR-00137,Michelle Davis,sharris@example.com,9527704543,2026-05-25 14:00:27,TNT-0171,"{""street"": ""9043 George Row Apt. 715"", ""city"": ""Greenland"", ""state"": ""OK"", ""zipcode"": ""11605""}"
USR-00138,Blake Johnson,joel12@example.org,8942840772,2026-05-14 05:00:27,TNT-0139,"{""street"": ""266 Jerry Centers"", ""city"": ""Jessicachester"", ""state"": ""CO"", ""zipcode"": ""78654""}"
USR-00139,Elizabeth Johnson,jessicaoneal@example.net,6892756614,2026-05-23 12:00:27,TNT-0110,"{""street"": ""893 Johnson Garden Apt. 251"", ""city"": ""Hickmanshire"", ""state"": ""SD"", ""zipcode"": ""15496""}"
USR-00140,Fernando Thomas,wsharp@example.net,7704776079,2026-05-22 09:00:27,TNT-0064,"{""street"": ""34064 Nelson Stream"", ""city"": ""Port Melanie"", ""state"": ""VA"", ""zipcode"": ""66184""}"
USR-00141,Daniel Hawkins,hayesjoseph@example.com,8843585338,2026-05-16 21:00:27,TNT-0045,"{""street"": ""2006 Brooks Trail Suite 263"", ""city"": ""North Donna"", ""state"": ""KS"", ""zipcode"": ""36101""}"
USR-00142,Martin Martin,clarkricky@example.com,8632741837,2026-05-31 19:00:27,TNT-0167,"{""street"": ""670 Catherine Mountains"", ""city"": ""Johnsonberg"", ""state"": ""TN"", ""zipcode"": ""22196""}"
USR-00143,Lisa Rush,robertmorton@example.org,8629478717,2026-05-28 22:00:27,TNT-0086,"{""street"": ""7211 Nelson Rapids Apt. 199"", ""city"": ""Millerfort"", ""state"": ""NV"", ""zipcode"": ""32718""}"
USR-00144,Lauren Scott,jamesavery@example.net,6653492889,2026-06-02 10:00:27,TNT-0016,"{""street"": ""820 Kenneth Haven"", ""city"": ""North Casey"", ""state"": ""IN"", ""zipcode"": ""03021""}"
USR-00145,Sara Olson,annaschultz@example.net,6262079794,2026-05-07 23:00:27,TNT-0050,"{""street"": ""458 Jeffrey Circle"", ""city"": ""Mariabury"", ""state"": ""CA"", ""zipcode"": ""10241""}"
USR-00146,Patricia Bush,adam48@example.org,7774722278,2026-05-07 15:00:27,TNT-0047,"{""street"": ""39764 King Meadows Suite 256"", ""city"": ""Ellisberg"", ""state"": ""NH"", ""zipcode"": ""80349""}"
USR-00147,Adam King,teresamcdaniel@example.org,7038722517,2026-06-02 05:00:27,TNT-0147,"{""street"": ""8785 Ortega Lake"", ""city"": ""North Julia"", ""state"": ""NJ"", ""zipcode"": ""15677""}"
USR-00148,Richard Howard,fieldsalejandro@example.com,9687764850,2026-05-28 22:00:27,TNT-0149,"{""street"": ""0162 Baker Forest"", ""city"": ""South George"", ""state"": ""CA"", ""zipcode"": ""11702""}"
USR-00149,Ashley Elliott,cmurray@example.org,6070030165,2026-05-15 07:00:27,TNT-0003,"{""street"": ""956 Christensen Wells Apt. 255"", ""city"": ""North Michaelfurt"", ""state"": ""NV"", ""zipcode"": ""75446""}"
USR-00150,Susan Ramirez,pamela86@example.net,6696849404,2026-05-14 12:00:27,TNT-0053,"{""street"": ""119 Jasmine Parks Apt. 602"", ""city"": ""New Sarahhaven"", ""state"": ""HI"", ""zipcode"": ""08973""}"
USR-00151,David Morales,zglass@example.com,6862624327,2026-05-18 16:00:27,TNT-0128,"{""street"": ""72078 Eugene Path"", ""city"": ""Farrelltown"", ""state"": ""CT"", ""zipcode"": ""55126""}"
USR-00152,Jamie Glenn,gscott@example.net,7217645729,2026-05-09 05:00:27,TNT-0006,"{""street"": ""18707 Johnson Meadows"", ""city"": ""South Meganland"", ""state"": ""OH"", ""zipcode"": ""32483""}"
USR-00153,Kristina Marshall,petersonbrenda@example.com,6899592381,2026-05-09 23:00:27,TNT-0055,"{""street"": ""454 Daniels Ports"", ""city"": ""North Shawnamouth"", ""state"": ""NE"", ""zipcode"": ""78035""}"
USR-00154,Sara Whitney,nherrera@example.net,6793193961,2026-05-25 19:00:27,TNT-0056,"{""street"": ""0534 Jason Fields"", ""city"": ""Jonesberg"", ""state"": ""IA"", ""zipcode"": ""14855""}"
USR-00155,Walter Walker,janet38@example.org,8180153188,2026-05-26 01:00:27,TNT-0054,"{""street"": ""050 Kimberly Parkways"", ""city"": ""Lake John"", ""state"": ""WY"", ""zipcode"": ""09697""}"
USR-00156,Joshua Smith,yalvarado@example.org,9726293999,2026-05-16 08:00:27,TNT-0048,"{""street"": ""69841 Roberts Drive Suite 051"", ""city"": ""Mcconnellberg"", ""state"": ""WA"", ""zipcode"": ""72600""}"
USR-00157,Michelle Guerra,zrichard@example.net,7847954717,2026-05-17 16:00:27,TNT-0002,"{""street"": ""65354 Hatfield Haven"", ""city"": ""Port Jeffreyberg"", ""state"": ""AK"", ""zipcode"": ""13899""}"
USR-00158,Timothy Webb,isaacfrederick@example.com,7108923559,2026-05-17 21:00:27,TNT-0119,"{""street"": ""89846 Mark Walks Suite 675"", ""city"": ""Isabelchester"", ""state"": ""OK"", ""zipcode"": ""31052""}"
USR-00159,Levi Murphy,jeremy54@example.net,9348250359,2026-05-19 15:00:27,TNT-0101,"{""street"": ""345 Scott Pine Apt. 199"", ""city"": ""Andersonside"", ""state"": ""WV"", ""zipcode"": ""94543""}"
USR-00160,Jenna Miller,mrowe@example.org,6328375027,2026-05-13 00:00:27,TNT-0183,"{""street"": ""25291 Harris Rue Apt. 785"", ""city"": ""Coltontown"", ""state"": ""CO"", ""zipcode"": ""15832""}"
USR-00161,Christian Harvey,brianmorrison@example.org,6919871254,2026-05-21 09:00:27,TNT-0197,"{""street"": ""81124 Melton Glens Suite 751"", ""city"": ""Garcialand"", ""state"": ""WY"", ""zipcode"": ""80539""}"
USR-00162,Scott Booker,megangreen@example.org,6858028689,2026-06-04 09:00:27,TNT-0141,"{""street"": ""7629 Santos Field Suite 919"", ""city"": ""New Casey"", ""state"": ""AR"", ""zipcode"": ""98437""}"
USR-00163,Andrew Cochran,angelawest@example.net,7481455131,2026-05-11 09:00:27,TNT-0192,"{""street"": ""242 Boyle Crossing Suite 396"", ""city"": ""South Joshua"", ""state"": ""PW"", ""zipcode"": ""73036""}"
USR-00164,Amanda Flynn,rgardner@example.net,8674819321,2026-05-28 04:00:27,TNT-0003,"{""street"": ""9053 Joseph Square Suite 321"", ""city"": ""Desireeland"", ""state"": ""AL"", ""zipcode"": ""60050""}"
USR-00165,Kari Perry,katrinarivers@example.net,6876788575,2026-05-24 04:00:27,TNT-0157,"{""street"": ""04048 Martin Extension Suite 963"", ""city"": ""Nguyenmouth"", ""state"": ""CO"", ""zipcode"": ""35246""}"
USR-00166,Stephanie Hodge,bshaw@example.org,9610671115,2026-05-29 08:00:27,TNT-0152,"{""street"": ""39645 Jason Passage"", ""city"": ""West Jorgeberg"", ""state"": ""MO"", ""zipcode"": ""62724""}"
USR-00167,Desiree Manning,msmith@example.net,6628875642,2026-06-01 12:00:27,TNT-0055,"{""street"": ""87466 Moreno Coves"", ""city"": ""Lake Matthewmouth"", ""state"": ""IL"", ""zipcode"": ""68023""}"
USR-00168,Ann Fisher,gmitchell@example.org,8350057546,2026-05-23 11:00:27,TNT-0107,"{""street"": ""35479 Romero Loop Apt. 857"", ""city"": ""Port Thomas"", ""state"": ""VI"", ""zipcode"": ""05992""}"
USR-00169,Jim Raymond,janetrogers@example.org,8591581608,2026-05-29 00:00:27,TNT-0002,"{""street"": ""56480 Little Causeway Suite 431"", ""city"": ""Andrewchester"", ""state"": ""WI"", ""zipcode"": ""12637""}"
USR-00170,Joseph Walker,sydney04@example.org,8250093905,2026-05-05 22:00:27,TNT-0067,"{""street"": ""217 Cathy Pine Suite 502"", ""city"": ""Colemanhaven"", ""state"": ""NC"", ""zipcode"": ""55062""}"
USR-00171,Janice Flores,skelly@example.org,6140551226,2026-05-23 22:00:27,TNT-0191,"{""street"": ""18096 Garcia Cove"", ""city"": ""Simpsonchester"", ""state"": ""IN"", ""zipcode"": ""32817""}"
USR-00172,Mary Mata,michael43@example.net,6693552065,2026-05-15 19:00:27,TNT-0130,"{""street"": ""58823 Sean Rapid Apt. 981"", ""city"": ""New Nicholasland"", ""state"": ""MS"", ""zipcode"": ""02635""}"
USR-00173,William Campbell,eburnett@example.net,9928839827,2026-06-01 17:00:27,TNT-0176,"{""street"": ""14822 Wilcox Hills"", ""city"": ""East Susanton"", ""state"": ""NC"", ""zipcode"": ""08654""}"
USR-00174,Vanessa Lee,andrew29@example.net,6502259631,2026-05-12 23:00:27,TNT-0132,"{""street"": ""9723 Sandra Squares"", ""city"": ""West Alanstad"", ""state"": ""GA"", ""zipcode"": ""84123""}"
USR-00175,Elizabeth Graham,nwheeler@example.org,7636855395,2026-05-30 20:00:27,TNT-0151,"{""street"": ""6580 Nathan Glen"", ""city"": ""West Andrew"", ""state"": ""MT"", ""zipcode"": ""54299""}"
USR-00176,Jack Morrison,christina76@example.org,6399522100,2026-05-16 18:00:27,TNT-0084,"{""street"": ""16856 Gerald Route Apt. 681"", ""city"": ""New Andrewhaven"", ""state"": ""GA"", ""zipcode"": ""93130""}"
USR-00177,Daniel Jordan,mary62@example.com,7121738704,2026-05-18 00:00:27,TNT-0095,"{""street"": ""5457 Richard Mountain Apt. 796"", ""city"": ""Taylorview"", ""state"": ""RI"", ""zipcode"": ""44622""}"
USR-00178,Amber Brown,harrispenny@example.com,7000839246,2026-05-18 14:00:27,TNT-0126,"{""street"": ""8218 Salazar Station"", ""city"": ""Jonesside"", ""state"": ""KY"", ""zipcode"": ""88377""}"
USR-00179,Samantha Davis,longshelley@example.org,8574756787,2026-05-19 06:00:27,TNT-0089,"{""street"": ""5237 Williams Coves Suite 651"", ""city"": ""West Teresa"", ""state"": ""FL"", ""zipcode"": ""58515""}"
USR-00180,Jose Morales,mark53@example.com,7594009023,2026-05-18 17:00:27,TNT-0165,"{""street"": ""96212 Logan Ridge Apt. 406"", ""city"": ""East Robert"", ""state"": ""IN"", ""zipcode"": ""37615""}"
USR-00181,Connor Brown,rmorris@example.net,8556551449,2026-06-04 18:00:27,TNT-0099,"{""street"": ""85674 Ellison Tunnel"", ""city"": ""Michaelmouth"", ""state"": ""KY"", ""zipcode"": ""33096""}"
USR-00182,Cynthia Parks,jroberts@example.org,6353557839,2026-05-23 08:00:27,TNT-0119,"{""street"": ""1016 Allen Crescent"", ""city"": ""Port Annastad"", ""state"": ""UT"", ""zipcode"": ""93270""}"
USR-00183,Rachel Davis,christophersims@example.org,7141566556,2026-05-11 12:00:27,TNT-0177,"{""street"": ""027 Amanda Plaza Apt. 811"", ""city"": ""West Javiertown"", ""state"": ""NV"", ""zipcode"": ""92786""}"
USR-00184,Tanya Holmes,melvinmartinez@example.org,9594118520,2026-05-29 07:00:27,TNT-0162,"{""street"": ""029 Brady Island"", ""city"": ""Mcdonaldchester"", ""state"": ""WY"", ""zipcode"": ""66591""}"
USR-00185,Steven Carr,stephanie97@example.org,7331576405,2026-05-11 11:00:27,TNT-0148,"{""street"": ""1467 Long Hills"", ""city"": ""Marychester"", ""state"": ""HI"", ""zipcode"": ""09723""}"
USR-00186,Kimberly Kelley,pmccormick@example.net,6417135636,2026-05-19 02:00:27,TNT-0174,"{""street"": ""4417 Katherine Views"", ""city"": ""Wesleymouth"", ""state"": ""MS"", ""zipcode"": ""35148""}"
USR-00187,Joshua Foley,michelle36@example.org,9345325065,2026-05-05 21:00:27,TNT-0106,"{""street"": ""3113 Ortiz Oval Suite 017"", ""city"": ""Lake Michaelville"", ""state"": ""GA"", ""zipcode"": ""65550""}"
USR-00188,Diane Howard,sarahtravis@example.org,8078998044,2026-06-03 04:00:27,TNT-0128,"{""street"": ""4352 Michael Burgs Suite 871"", ""city"": ""Washingtonberg"", ""state"": ""AR"", ""zipcode"": ""81371""}"
USR-00189,Peter Bass,karen76@example.net,9661909126,2026-05-20 00:00:27,TNT-0027,"{""street"": ""165 Jacob Dale Suite 995"", ""city"": ""West Kari"", ""state"": ""WI"", ""zipcode"": ""19617""}"
USR-00190,Ellen Rodriguez,heather61@example.net,8702119760,2026-05-17 06:00:27,TNT-0165,"{""street"": ""622 Andrea Bridge Apt. 460"", ""city"": ""New Justinchester"", ""state"": ""PA"", ""zipcode"": ""38687""}"
USR-00191,Brian Lane,qadams@example.org,8376975821,2026-05-18 02:00:27,TNT-0013,"{""street"": ""053 Carter Course"", ""city"": ""Stephaniefurt"", ""state"": ""GA"", ""zipcode"": ""67762""}"
USR-00192,Jessica Jones,rsnyder@example.com,7917340940,2026-06-02 03:00:27,TNT-0009,"{""street"": ""490 Livingston Lodge"", ""city"": ""West Tammy"", ""state"": ""WA"", ""zipcode"": ""97400""}"
USR-00193,Emily Norris,carlospark@example.net,6633013661,2026-05-31 00:00:27,TNT-0039,"{""street"": ""63742 Larsen Pines Apt. 046"", ""city"": ""Ponceville"", ""state"": ""WY"", ""zipcode"": ""31039""}"
USR-00194,Meghan Russell,marisa38@example.com,9405600126,2026-05-05 19:00:27,TNT-0187,"{""street"": ""20717 Brenda Glen Apt. 083"", ""city"": ""West Jasonport"", ""state"": ""SD"", ""zipcode"": ""67898""}"
USR-00195,Frank Cruz,michaelquinn@example.com,9137855565,2026-05-06 16:00:27,TNT-0173,"{""street"": ""6420 Lane Parkway"", ""city"": ""New Jacksonhaven"", ""state"": ""NV"", ""zipcode"": ""80304""}"
USR-00196,Dwayne Simmons,erikwhite@example.com,6590931665,2026-06-02 23:00:27,TNT-0189,"{""street"": ""802 Navarro Loaf Suite 952"", ""city"": ""Stevenshaven"", ""state"": ""WA"", ""zipcode"": ""53699""}"
USR-00197,Daniel Newman,jacobsonandre@example.com,7493543322,2026-05-22 12:00:27,TNT-0097,"{""street"": ""8938 Isaiah Ways"", ""city"": ""East Robert"", ""state"": ""FL"", ""zipcode"": ""25791""}"
USR-00198,Nathaniel Vance,tapiaeddie@example.com,6426321787,2026-05-16 06:00:27,TNT-0032,"{""street"": ""7736 Jones Coves Suite 033"", ""city"": ""Calhountown"", ""state"": ""MI"", ""zipcode"": ""78244""}"
USR-00199,Paul Nguyen,hensleyjohn@example.net,6936129911,2026-06-01 13:00:27,TNT-0090,"{""street"": ""275 Jeffrey Club Apt. 430"", ""city"": ""Alexanderside"", ""state"": ""AS"", ""zipcode"": ""32321""}"
USR-00200,Alexander Chavez DVM,cynthiaortiz@example.org,9490539002,2026-05-29 16:00:27,TNT-0126,"{""street"": ""2963 Timothy Motorway"", ""city"": ""New Megan"", ""state"": ""KY"", ""zipcode"": ""35142""}"
